Hardware,Num of Hardware,Framework,Model,Input Output Length,Batch Size,KV Cache Dtype,Latency,Throughput
Nvidia A100 GPU,1,vLLM,meta-llama/Llama-2-7b-hf,128,1,"Weight = fp16, KV Cache = fp16",1.6487310342490673,155.27092938879386
Nvidia A100 GPU,1,vLLM,meta-llama/Llama-2-7b-hf,128,1,"Weight = fp16, KV Cache = fp8",2.0124915442429483,127.20550341308447
Nvidia A100 GPU,1,vLLM,meta-llama/Llama-2-7b-hf,256,1,"Weight = fp16, KV Cache = fp16",3.367429496254772,152.0447571565915
Nvidia A100 GPU,1,vLLM,meta-llama/Llama-2-7b-hf,256,1,"Weight = fp16, KV Cache = fp8",4.603929563891143,111.20934690566129
Nvidia A100 GPU,1,vLLM,meta-llama/Llama-2-7b-hf,512,1,"Weight = fp16, KV Cache = fp16",6.927289238199592,147.8211699828111
Nvidia A100 GPU,1,vLLM,meta-llama/Llama-2-7b-hf,512,1,"Weight = fp16, KV Cache = fp8",9.754389670211822,104.97837738911689
Nvidia A100 GPU,1,vLLM,meta-llama/Llama-2-7b-hf,1024,1,"Weight = fp16, KV Cache = fp16",13.968273356091231,146.61797831346965
Nvidia A100 GPU,1,vLLM,meta-llama/Llama-2-7b-hf,1024,1,"Weight = fp16, KV Cache = fp8",19.61318833567202,104.4195347002886
Nvidia A100 GPU,1,vLLM,meta-llama/Llama-2-7b-hf,2048,1,"Weight = fp16, KV Cache = fp16",28.524794184602797,143.59437524744533
Nvidia A100 GPU,1,vLLM,meta-llama/Llama-2-7b-hf,2048,1,"Weight = fp16, KV Cache = fp8",39.802139369770885,102.90904119367134
Nvidia A100 GPU,1,vLLM,meta-llama/Llama-2-7b-hf,128,16,"Weight = fp16, KV Cache = fp16",2.0146783837117255,2033.0788443035606
Nvidia A100 GPU,1,vLLM,meta-llama/Llama-2-7b-hf,128,16,"Weight = fp16, KV Cache = fp8",2.657459894195199,1541.3214735421086
Nvidia A100 GPU,1,vLLM,meta-llama/Llama-2-7b-hf,256,16,"Weight = fp16, KV Cache = fp16",4.350794400088489,1882.874538919464
Nvidia A100 GPU,1,vLLM,meta-llama/Llama-2-7b-hf,256,16,"Weight = fp16, KV Cache = fp8",6.57397723197937,1246.1253988148444
Nvidia A100 GPU,1,vLLM,meta-llama/Llama-2-7b-hf,512,16,"Weight = fp16, KV Cache = fp16",10.02253535296768,1634.7161095469407
Nvidia A100 GPU,1,vLLM,meta-llama/Llama-2-7b-hf,512,16,"Weight = fp16, KV Cache = fp8",17.673493564128876,927.0379928309078
Nvidia A100 GPU,1,vLLM,meta-llama/Llama-2-7b-hf,1024,16,"Weight = fp16, KV Cache = fp16",24.99491272587329,1310.9867739638257
Nvidia A100 GPU,1,vLLM,meta-llama/Llama-2-7b-hf,1024,16,"Weight = fp16, KV Cache = fp8",52.20407650480047,627.6904447679826
Nvidia A100 GPU,1,vLLM,meta-llama/Llama-2-7b-hf,2048,16,"Weight = fp16, KV Cache = fp16",86.70123212877661,755.8831448053694
Nvidia A100 GPU,1,vLLM,meta-llama/Llama-2-7b-hf,2048,16,"Weight = fp16, KV Cache = fp8",176.34115164680406,371.6432573337328
Nvidia A100 GPU,1,vLLM,meta-llama/Llama-2-7b-hf,128,32,"Weight = fp16, KV Cache = fp16",2.4550357181578875,3336.8149959735774
Nvidia A100 GPU,1,vLLM,meta-llama/Llama-2-7b-hf,128,32,"Weight = fp16, KV Cache = fp8",3.6459621670655906,2246.8691732457646
Nvidia A100 GPU,1,vLLM,meta-llama/Llama-2-7b-hf,256,32,"Weight = fp16, KV Cache = fp16",5.5570430788211524,2948.330572142268
Nvidia A100 GPU,1,vLLM,meta-llama/Llama-2-7b-hf,256,32,"Weight = fp16, KV Cache = fp8",9.921427597291768,1651.3752521333026
Nvidia A100 GPU,1,vLLM,meta-llama/Llama-2-7b-hf,512,32,"Weight = fp16, KV Cache = fp16",13.537972524762154,2420.451063854977
Nvidia A100 GPU,1,vLLM,meta-llama/Llama-2-7b-hf,512,32,"Weight = fp16, KV Cache = fp8",29.81331717595458,1099.1061412793229
Nvidia A100 GPU,1,vLLM,meta-llama/Llama-2-7b-hf,1024,32,"Weight = fp16, KV Cache = fp16",46.00654487591237,1424.4929754399502
Nvidia A100 GPU,1,vLLM,meta-llama/Llama-2-7b-hf,1024,32,"Weight = fp16, KV Cache = fp8",99.6578030330129,657.6103225784576
Nvidia A100 GPU,1,vLLM,meta-llama/Llama-2-7b-hf,2048,32,"Weight = fp16, KV Cache = fp16",165.6255665421486,791.3754062036348
Nvidia A100 GPU,1,vLLM,meta-llama/Llama-2-7b-hf,2048,32,"Weight = fp16, KV Cache = fp8",367.5204985537566,356.63861067827844
Nvidia A100 GPU,1,vLLM,meta-llama/Llama-2-7b-hf,128,64,"Weight = fp16, KV Cache = fp16",3.325294726062566,4927.082063309335
Nvidia A100 GPU,1,vLLM,meta-llama/Llama-2-7b-hf,128,64,"Weight = fp16, KV Cache = fp8",5.4353829440660775,3014.323032728864
Nvidia A100 GPU,1,vLLM,meta-llama/Llama-2-7b-hf,256,64,"Weight = fp16, KV Cache = fp16",7.8766627460718155,4160.1374917749
Nvidia A100 GPU,1,vLLM,meta-llama/Llama-2-7b-hf,256,64,"Weight = fp16, KV Cache = fp8",15.678273459896445,2090.026053175911
Nvidia A100 GPU,1,vLLM,meta-llama/Llama-2-7b-hf,512,64,"Weight = fp16, KV Cache = fp16",25.798639225773513,2540.289021698781
Nvidia A100 GPU,1,vLLM,meta-llama/Llama-2-7b-hf,512,64,"Weight = fp16, KV Cache = fp8",49.440938639920205,1325.541177065844
Nvidia A100 GPU,1,vLLM,meta-llama/Llama-2-7b-hf,1024,64,"Weight = fp16, KV Cache = fp16",88.24309085588902,1485.3514165098256
Nvidia A100 GPU,1,vLLM,meta-llama/Llama-2-7b-hf,1024,64,"Weight = fp16, KV Cache = fp16",88.24214853998274,1485.367278207318
Nvidia A100 GPU,1,vLLM,meta-llama/Llama-2-7b-hf,1024,64,"Weight = fp16, KV Cache = fp8",180.78970385808498,724.9970391172717
Nvidia A100 GPU,1,vLLM,meta-llama/Llama-2-7b-hf,2048,64,"Weight = fp16, KV Cache = fp16",316.2163481656462,829.0020472397555
Nvidia A100 GPU,1,vLLM,meta-llama/Llama-2-7b-hf,2048,64,"Weight = fp16, KV Cache = fp8",704.4695892622694,372.1154241370744
Nvidia A100 GPU,1,vLLM,meta-llama/Meta-Llama-3-8B,128,1,"Weight = fp16, KV Cache = fp16",1.8136872490867972,141.14892197036593
Nvidia A100 GPU,1,vLLM,meta-llama/Meta-Llama-3-8B,128,1,"Weight = fp16, KV Cache = fp8",2.1574238119646907,118.66004193532551
Nvidia A100 GPU,1,vLLM,meta-llama/Meta-Llama-3-8B,256,1,"Weight = fp16, KV Cache = fp16",3.6555161848664284,140.06229875814606
Nvidia A100 GPU,1,vLLM,meta-llama/Meta-Llama-3-8B,256,1,"Weight = fp16, KV Cache = fp8",4.895358109846711,104.58887552478409
Nvidia A100 GPU,1,vLLM,meta-llama/Meta-Llama-3-8B,512,1,"Weight = fp16, KV Cache = fp16",7.345290701836348,139.40905017469174
Nvidia A100 GPU,1,vLLM,meta-llama/Meta-Llama-3-8B,512,1,"Weight = fp16, KV Cache = fp8",10.36438170261681,98.79991198524263
Nvidia A100 GPU,1,vLLM,meta-llama/Meta-Llama-3-8B,1024,1,"Weight = fp16, KV Cache = fp16",14.87345455866307,137.6949781183914
Nvidia A100 GPU,1,vLLM,meta-llama/Meta-Llama-3-8B,1024,1,"Weight = fp16, KV Cache = fp8",20.790749019011855,98.50534957289084
Nvidia A100 GPU,1,vLLM,meta-llama/Meta-Llama-3-8B,2048,1,"Weight = fp16, KV Cache = fp16",29.921171466819942,136.89303590743827
Nvidia A100 GPU,1,vLLM,meta-llama/Meta-Llama-3-8B,2048,1,"Weight = fp16, KV Cache = fp8",41.761981506831944,98.07963732108654
Nvidia A100 GPU,1,vLLM,meta-llama/Meta-Llama-3-8B,128,16,"Weight = fp16, KV Cache = fp16",2.1424761498346925,1911.8065796513235
Nvidia A100 GPU,1,vLLM,meta-llama/Meta-Llama-3-8B,128,16,"Weight = fp16, KV Cache = fp8",2.858008257113397,1433.1659083927843
Nvidia A100 GPU,1,vLLM,meta-llama/Meta-Llama-3-8B,256,16,"Weight = fp16, KV Cache = fp16",4.442166191525757,1844.145321628834
Nvidia A100 GPU,1,vLLM,meta-llama/Meta-Llama-3-8B,256,16,"Weight = fp16, KV Cache = fp8",7.035507749766111,1164.3793584439354
Nvidia A100 GPU,1,vLLM,meta-llama/Meta-Llama-3-8B,512,16,"Weight = fp16, KV Cache = fp16",9.135003834031522,1793.5405718126888
Nvidia A100 GPU,1,vLLM,meta-llama/Meta-Llama-3-8B,512,16,"Weight = fp16, KV Cache = fp8",18.02412870619446,909.0037175760519
Nvidia A100 GPU,1,vLLM,meta-llama/Meta-Llama-3-8B,1024,16,"Weight = fp16, KV Cache = fp16",19.82253386825323,1653.0681807778153
Nvidia A100 GPU,1,vLLM,meta-llama/Meta-Llama-3-8B,1024,16,"Weight = fp16, KV Cache = fp8",52.34908778592944,625.9516905814639
Nvidia A100 GPU,1,vLLM,meta-llama/Meta-Llama-3-8B,2048,16,"Weight = fp16, KV Cache = fp16",45.9155810829252,1427.3150519785345
Nvidia A100 GPU,1,vLLM,meta-llama/Meta-Llama-3-8B,2048,16,"Weight = fp16, KV Cache = fp8",173.35739336442202,378.03983278771364
Nvidia A100 GPU,1,vLLM,meta-llama/Meta-Llama-3-8B,128,32,"Weight = fp16, KV Cache = fp16",2.6106681004166603,3137.8940887555045
Nvidia A100 GPU,1,vLLM,meta-llama/Meta-Llama-3-8B,128,32,"Weight = fp16, KV Cache = fp8",4.025614068843424,2034.9690407241635
Nvidia A100 GPU,1,vLLM,meta-llama/Meta-Llama-3-8B,256,32,"Weight = fp16, KV Cache = fp16",5.324554972350597,3077.064672086024
Nvidia A100 GPU,1,vLLM,meta-llama/Meta-Llama-3-8B,256,32,"Weight = fp16, KV Cache = fp8",10.287015691399574,1592.6873732386537
Nvidia A100 GPU,1,vLLM,meta-llama/Meta-Llama-3-8B,512,32,"Weight = fp16, KV Cache = fp16",11.586630066856742,2828.087184187577
Nvidia A100 GPU,1,vLLM,meta-llama/Meta-Llama-3-8B,512,32,"Weight = fp16, KV Cache = fp8",30.26938700582832,1082.545873614506
Nvidia A100 GPU,1,vLLM,meta-llama/Meta-Llama-3-8B,1024,32,"Weight = fp16, KV Cache = fp16",26.232975291088223,2498.2297765615504
Nvidia A100 GPU,1,vLLM,meta-llama/Meta-Llama-3-8B,1024,32,"Weight = fp16, KV Cache = fp8",98.89914422761649,662.6548744362118
Nvidia A100 GPU,1,vLLM,meta-llama/Meta-Llama-3-8B,2048,32,"Weight = fp16, KV Cache = fp16",65.49136094748974,2001.363204302505
Nvidia A100 GPU,1,vLLM,meta-llama/Meta-Llama-3-8B,2048,32,"Weight = fp16, KV Cache = fp8",351.5431236382574,372.8475717103625
Nvidia A100 GPU,1,vLLM,meta-llama/Meta-Llama-3-8B,128,64,"Weight = fp16, KV Cache = fp16",3.2715533087030053,5008.018654751914
Nvidia A100 GPU,1,vLLM,meta-llama/Meta-Llama-3-8B,128,64,"Weight = fp16, KV Cache = fp8",5.834038084372878,2808.3464254178202
Nvidia A100 GPU,1,vLLM,meta-llama/Meta-Llama-3-8B,256,64,"Weight = fp16, KV Cache = fp16",6.926190788857639,4731.027631048631
Nvidia A100 GPU,1,vLLM,meta-llama/Meta-Llama-3-8B,256,64,"Weight = fp16, KV Cache = fp8",16.010361516848207,2046.674584175829
Nvidia A100 GPU,1,vLLM,meta-llama/Meta-Llama-3-8B,512,64,"Weight = fp16, KV Cache = fp16",15.247875190339983,4298.041476724518
Nvidia A100 GPU,1,vLLM,meta-llama/Meta-Llama-3-8B,512,64,"Weight = fp16, KV Cache = fp8",49.45504141971469,1325.163180914349
Nvidia A100 GPU,1,vLLM,meta-llama/Meta-Llama-3-8B,1024,64,"Weight = fp16, KV Cache = fp16",35.98174176923931,3642.7363867096924
Nvidia A100 GPU,1,vLLM,meta-llama/Meta-Llama-3-8B,1024,64,"Weight = fp16, KV Cache = fp8",168.10905429907143,779.6843575529173
Nvidia A100 GPU,1,vLLM,meta-llama/Meta-Llama-3-8B,2048,64,"Weight = fp16, KV Cache = fp16",125.51957497373223,2088.471061624129
Nvidia A100 GPU,1,vLLM,meta-llama/Meta-Llama-3-8B,2048,64,"Weight = fp16, KV Cache = fp8",613.4305830365047,427.3409367729552
Nvidia A100 GPU,1,vLLM,mistralai/Mistral-7B-v0.1,128,1,"Weight = fp16, KV Cache = fp16",1.722556577064097,148.61630869409416
Nvidia A100 GPU,1,vLLM,mistralai/Mistral-7B-v0.1,128,1,"Weight = fp16, KV Cache = fp8",2.05355916172266,124.66161422164747
Nvidia A100 GPU,1,vLLM,mistralai/Mistral-7B-v0.1,256,1,"Weight = fp16, KV Cache = fp16",3.511627435684204,145.80134407118337
Nvidia A100 GPU,1,vLLM,mistralai/Mistral-7B-v0.1,256,1,"Weight = fp16, KV Cache = fp8",4.668172140605748,109.67890312921543
Nvidia A100 GPU,1,vLLM,mistralai/Mistral-7B-v0.1,512,1,"Weight = fp16, KV Cache = fp16",7.099129823036492,144.24303055807582
Nvidia A100 GPU,1,vLLM,mistralai/Mistral-7B-v0.1,512,1,"Weight = fp16, KV Cache = fp8",9.825719011947513,104.21629183114992
Nvidia A100 GPU,1,vLLM,mistralai/Mistral-7B-v0.1,1024,1,"Weight = fp16, KV Cache = fp16",14.227440330199897,143.94718603407597
Nvidia A100 GPU,1,vLLM,mistralai/Mistral-7B-v0.1,1024,1,"Weight = fp16, KV Cache = fp8",19.8000582261011,103.43403926460468
Nvidia A100 GPU,1,vLLM,mistralai/Mistral-7B-v0.1,2048,1,"Weight = fp16, KV Cache = fp16",28.603296833112836,143.20027596463052
Nvidia A100 GPU,1,vLLM,mistralai/Mistral-7B-v0.1,2048,1,"Weight = fp16, KV Cache = fp8",39.77951928880066,102.96755901605802
Nvidia A100 GPU,1,vLLM,mistralai/Mistral-7B-v0.1,128,16,"Weight = fp16, KV Cache = fp16",2.0832161344587803,1966.1906089567328
Nvidia A100 GPU,1,vLLM,mistralai/Mistral-7B-v0.1,128,16,"Weight = fp16, KV Cache = fp8",2.7298187762498856,1500.4659047832174
Nvidia A100 GPU,1,vLLM,mistralai/Mistral-7B-v0.1,256,16,"Weight = fp16, KV Cache = fp16",4.3210818329826,1895.821536512194
Nvidia A100 GPU,1,vLLM,mistralai/Mistral-7B-v0.1,256,16,"Weight = fp16, KV Cache = fp8",6.689306017942727,1224.6412375254768
Nvidia A100 GPU,1,vLLM,mistralai/Mistral-7B-v0.1,512,16,"Weight = fp16, KV Cache = fp16",9.153001465834677,1790.0139163263989
Nvidia A100 GPU,1,vLLM,mistralai/Mistral-7B-v0.1,512,16,"Weight = fp16, KV Cache = fp8",17.214807133190334,951.7388067863666
Nvidia A100 GPU,1,vLLM,mistralai/Mistral-7B-v0.1,1024,16,"Weight = fp16, KV Cache = fp16",19.91951071191579,1645.0203257451642
Nvidia A100 GPU,1,vLLM,mistralai/Mistral-7B-v0.1,1024,16,"Weight = fp16, KV Cache = fp8",50.20725278835744,652.654709831058
Nvidia A100 GPU,1,vLLM,mistralai/Mistral-7B-v0.1,2048,16,"Weight = fp16, KV Cache = fp16",47.506438036449254,1379.5182865471327
Nvidia A100 GPU,1,vLLM,mistralai/Mistral-7B-v0.1,2048,16,"Weight = fp16, KV Cache = fp8",168.12261521816254,389.8107337609393
Nvidia A100 GPU,1,vLLM,mistralai/Mistral-7B-v0.1,128,32,"Weight = fp16, KV Cache = fp16",2.51310086902231,3259.7179448618767
Nvidia A100 GPU,1,vLLM,mistralai/Mistral-7B-v0.1,128,32,"Weight = fp16, KV Cache = fp8",3.8331294488161802,2137.1571478051724
Nvidia A100 GPU,1,vLLM,mistralai/Mistral-7B-v0.1,256,32,"Weight = fp16, KV Cache = fp16",5.387861931696534,3040.9094011139578
Nvidia A100 GPU,1,vLLM,mistralai/Mistral-7B-v0.1,256,32,"Weight = fp16, KV Cache = fp8",9.809227702207863,1670.264010316764
Nvidia A100 GPU,1,vLLM,mistralai/Mistral-7B-v0.1,512,32,"Weight = fp16, KV Cache = fp16",11.693890921771526,2802.1468832921114
Nvidia A100 GPU,1,vLLM,mistralai/Mistral-7B-v0.1,512,32,"Weight = fp16, KV Cache = fp8",28.90722511522472,1133.5574365711743
Nvidia A100 GPU,1,vLLM,mistralai/Mistral-7B-v0.1,1024,32,"Weight = fp16, KV Cache = fp16",27.40296798478812,2391.565761649622
Nvidia A100 GPU,1,vLLM,mistralai/Mistral-7B-v0.1,1024,32,"Weight = fp16, KV Cache = fp8",95.1172649236396,689.0021496372134
Nvidia A100 GPU,1,vLLM,mistralai/Mistral-7B-v0.1,2048,32,"Weight = fp16, KV Cache = fp16",70.9410381168127,1847.6188603862074
Nvidia A100 GPU,1,vLLM,mistralai/Mistral-7B-v0.1,2048,32,"Weight = fp16, KV Cache = fp8",339.6960686724633,385.85080042942826
Nvidia A100 GPU,1,vLLM,mistralai/Mistral-7B-v0.1,128,64,"Weight = fp16, KV Cache = fp16",3.27271322440356,5006.243711740409
Nvidia A100 GPU,1,vLLM,mistralai/Mistral-7B-v0.1,128,64,"Weight = fp16, KV Cache = fp8",5.487475267611444,2985.7082175299774
Nvidia A100 GPU,1,vLLM,mistralai/Mistral-7B-v0.1,256,64,"Weight = fp16, KV Cache = fp16",7.028287900611758,4662.301895337526
Nvidia A100 GPU,1,vLLM,mistralai/Mistral-7B-v0.1,256,64,"Weight = fp16, KV Cache = fp8",15.107775040902197,2168.9494257946785
Nvidia A100 GPU,1,vLLM,mistralai/Mistral-7B-v0.1,512,64,"Weight = fp16, KV Cache = fp16",15.879155803471804,4127.171545585016
Nvidia A100 GPU,1,vLLM,mistralai/Mistral-7B-v0.1,512,64,"Weight = fp16, KV Cache = fp8",47.073667922988534,1392.2008394845166
Nvidia A100 GPU,1,vLLM,mistralai/Mistral-7B-v0.1,1024,64,"Weight = fp16, KV Cache = fp16",39.173274596221745,3345.9546425726144
Nvidia A100 GPU,1,vLLM,mistralai/Mistral-7B-v0.1,1024,64,"Weight = fp16, KV Cache = fp8",161.4002854693681,812.0927396059404
Nvidia A100 GPU,1,vLLM,mistralai/Mistral-7B-v0.1,2048,64,"Weight = fp16, KV Cache = fp16",141.79824926890433,1848.7111184488151
Nvidia A100 GPU,1,vLLM,mistralai/Mistral-7B-v0.1,2048,64,"Weight = fp16, KV Cache = fp8",591.9790874160826,442.82645379286447
Nvidia A100 GPU,4,vLLM,mistralai/Mixtral-8x7B-v0.1,128,1,"Weight = fp16, KV Cache = fp16",1.3160250522196293,194.52517227405832
Nvidia A100 GPU,4,vLLM,mistralai/Mixtral-8x7B-v0.1,128,1,"Weight = fp16, KV Cache = fp8",1.5955917853862047,160.44203933905095
Nvidia A100 GPU,4,vLLM,mistralai/Mixtral-8x7B-v0.1,256,1,"Weight = fp16, KV Cache = fp16",2.6181221827864647,195.5600099056794
Nvidia A100 GPU,4,vLLM,mistralai/Mixtral-8x7B-v0.1,256,1,"Weight = fp16, KV Cache = fp8",3.6714533735066652,139.4543108444764
Nvidia A100 GPU,4,vLLM,mistralai/Mixtral-8x7B-v0.1,512,1,"Weight = fp16, KV Cache = fp16",5.209785684011877,196.55319088125194
Nvidia A100 GPU,4,vLLM,mistralai/Mixtral-8x7B-v0.1,512,1,"Weight = fp16, KV Cache = fp8",7.63080489821732,134.19292114770528
Nvidia A100 GPU,4,vLLM,mistralai/Mixtral-8x7B-v0.1,1024,1,"Weight = fp16, KV Cache = fp16",10.380537233315408,197.29229364229116
Nvidia A100 GPU,4,vLLM,mistralai/Mixtral-8x7B-v0.1,1024,1,"Weight = fp16, KV Cache = fp8",15.329070690087974,133.60235864293261
Nvidia A100 GPU,4,vLLM,mistralai/Mixtral-8x7B-v0.1,2048,1,"Weight = fp16, KV Cache = fp16",20.84347636718303,196.5123249041575
Nvidia A100 GPU,4,vLLM,mistralai/Mixtral-8x7B-v0.1,2048,1,"Weight = fp16, KV Cache = fp8",30.83960609138012,132.81622300438073
Nvidia A100 GPU,4,vLLM,mistralai/Mixtral-8x7B-v0.1,128,16,"Weight = fp16, KV Cache = fp16",2.7407411094754934,1494.486285420759
Nvidia A100 GPU,4,vLLM,mistralai/Mixtral-8x7B-v0.1,128,16,"Weight = fp16, KV Cache = fp8",3.06654741615057,1335.7041141537932
Nvidia A100 GPU,4,vLLM,mistralai/Mixtral-8x7B-v0.1,256,16,"Weight = fp16, KV Cache = fp16",5.634816483594477,1453.8184205023626
Nvidia A100 GPU,4,vLLM,mistralai/Mixtral-8x7B-v0.1,256,16,"Weight = fp16, KV Cache = fp8",6.815236261114478,1202.0126208596594
Nvidia A100 GPU,4,vLLM,mistralai/Mixtral-8x7B-v0.1,512,16,"Weight = fp16, KV Cache = fp16",11.513489392586052,1423.0264554332455
Nvidia A100 GPU,4,vLLM,mistralai/Mixtral-8x7B-v0.1,512,16,"Weight = fp16, KV Cache = fp8",13.880601141601801,1180.3523372554246
Nvidia A100 GPU,4,vLLM,mistralai/Mixtral-8x7B-v0.1,1024,16,"Weight = fp16, KV Cache = fp16",23.99219301342964,1365.777608643699
Nvidia A100 GPU,4,vLLM,mistralai/Mixtral-8x7B-v0.1,1024,16,"Weight = fp16, KV Cache = fp8",32.0356838805601,1022.8593877430625
Nvidia A100 GPU,4,vLLM,mistralai/Mixtral-8x7B-v0.1,2048,16,"Weight = fp16, KV Cache = fp16",49.019343957304955,1336.9415971189003
Nvidia A100 GPU,4,vLLM,mistralai/Mixtral-8x7B-v0.1,2048,16,"Weight = fp16, KV Cache = fp8",78.58423262834549,833.9586429499731
Nvidia A100 GPU,4,vLLM,mistralai/Mixtral-8x7B-v0.1,128,32,"Weight = fp16, KV Cache = fp16",3.240172930061817,2528.2601196979044
Nvidia A100 GPU,1,TensorRT-LLM,meta-llama/Llama-2-7b-hf,1024,1,"Weight = full_prec, KV Cache = int8",12.85640811920166,159.2979921772407
Nvidia A100 GPU,1,TensorRT-LLM,meta-llama/Llama-2-7b-hf,1024,16,"Weight = full_prec, KV Cache = int8",21.70111083984375,1509.9687864750767
Nvidia A100 GPU,1,TensorRT-LLM,meta-llama/Llama-2-7b-hf,1024,32,"Weight = full_prec, KV Cache = int8",29.810099124908447,2198.4495833239293
Nvidia A100 GPU,1,TensorRT-LLM,meta-llama/Llama-2-7b-hf,1024,64,"Weight = full_prec, KV Cache = int8",57.961281538009644,2261.371669535051
Nvidia A100 GPU,1,TensorRT-LLM,meta-llama/Llama-2-7b-hf,1024,1,"Weight = full_prec, KV Cache = fp8",16.48741865158081,124.21592750685919
Nvidia A100 GPU,1,TensorRT-LLM,meta-llama/Llama-2-7b-hf,1024,16,"Weight = full_prec, KV Cache = fp8",36.66078519821167,893.8160986687878
Nvidia A100 GPU,1,TensorRT-LLM,meta-llama/Llama-2-7b-hf,1024,32,"Weight = full_prec, KV Cache = fp8",56.2131028175354,1165.849183111742
Nvidia A100 GPU,1,TensorRT-LLM,meta-llama/Llama-2-7b-hf,1024,64,"Weight = full_prec, KV Cache = fp8",111.23409414291382,1178.343753414294
Nvidia A100 GPU,1,TensorRT-LLM,meta-llama/Llama-2-7b-hf,1024,1,"Weight = int8_sq, KV Cache = int8",8.758316993713379,233.83487963155835
Nvidia A100 GPU,1,TensorRT-LLM,meta-llama/Llama-2-7b-hf,1024,16,"Weight = int8_sq, KV Cache = int8",16.479369640350342,1988.425571798957
Nvidia A100 GPU,1,TensorRT-LLM,meta-llama/Llama-2-7b-hf,1024,32,"Weight = int8_sq, KV Cache = int8",22.874502897262573,2865.0240092361873
Nvidia A100 GPU,1,TensorRT-LLM,meta-llama/Llama-2-7b-hf,1024,64,"Weight = int8_sq, KV Cache = int8",46.22911477088928,2835.269518994483
Nvidia A100 GPU,1,TensorRT-LLM,meta-llama/Llama-2-7b-hf,1024,1,"Weight = int8_sq, KV Cache = fp8",13.950418472290039,146.80563196494631
Nvidia A100 GPU,1,TensorRT-LLM,meta-llama/Llama-2-7b-hf,1024,16,"Weight = int8_sq, KV Cache = fp8",37.90123701095581,864.5628107211386
Nvidia A100 GPU,1,TensorRT-LLM,meta-llama/Llama-2-7b-hf,1024,32,"Weight = int8_sq, KV Cache = fp8",61.70096755027771,1062.1551428119385
Nvidia A100 GPU,1,TensorRT-LLM,meta-llama/Llama-2-7b-hf,1024,64,"Weight = int8_sq, KV Cache = fp8",126.88450360298157,1033.002425655705
Nvidia A100 GPU,1,TensorRT-LLM,meta-llama/Meta-Llama-3-8B,1024,1,"Weight = full_prec, KV Cache = int8",14.50101923942566,141.2314518162873
Nvidia A100 GPU,1,TensorRT-LLM,meta-llama/Meta-Llama-3-8B,1024,16,"Weight = full_prec, KV Cache = int8",18.127875804901123,1807.6028516888182
Nvidia A100 GPU,1,TensorRT-LLM,meta-llama/Meta-Llama-3-8B,1024,32,"Weight = full_prec, KV Cache = int8",21.63398265838623,3029.308150739204
Nvidia A100 GPU,1,TensorRT-LLM,meta-llama/Meta-Llama-3-8B,1024,64,"Weight = full_prec, KV Cache = int8",30.88301181793213,4244.145641387652
Nvidia A100 GPU,1,TensorRT-LLM,meta-llama/Meta-Llama-3-8B,1024,1,"Weight = full_prec, KV Cache = fp8",18.554802894592285,110.37573460814723
Nvidia A100 GPU,1,TensorRT-LLM,meta-llama/Meta-Llama-3-8B,1024,16,"Weight = full_prec, KV Cache = fp8",42.53575396537781,770.3636810263591
Nvidia A100 GPU,1,TensorRT-LLM,meta-llama/Meta-Llama-3-8B,1024,32,"Weight = full_prec, KV Cache = fp8",56.17823100090027,1166.5728669695877
Nvidia A100 GPU,1,TensorRT-LLM,meta-llama/Meta-Llama-3-8B,1024,64,"Weight = full_prec, KV Cache = fp8",94.74281620979309,1383.450537397597
Nvidia A100 GPU,1,TensorRT-LLM,meta-llama/Meta-Llama-3-8B,1024,1,"Weight = int8_sq, KV Cache = int8",10.196874141693115,200.84586428561576
Nvidia A100 GPU,1,TensorRT-LLM,meta-llama/Meta-Llama-3-8B,1024,16,"Weight = int8_sq, KV Cache = int8",13.064074039459229,2508.2527778873787
Nvidia A100 GPU,1,TensorRT-LLM,meta-llama/Meta-Llama-3-8B,1024,32,"Weight = int8_sq, KV Cache = int8",15.711899042129517,4171.106231288358
Nvidia A100 GPU,1,TensorRT-LLM,meta-llama/Meta-Llama-3-8B,1024,64,"Weight = int8_sq, KV Cache = int8",21.055591344833374,6225.044827922275
Nvidia A100 GPU,1,TensorRT-LLM,meta-llama/Meta-Llama-3-8B,1024,1,"Weight = int8_sq, KV Cache = fp8",14.350790739059448,142.7099061813946
Nvidia A100 GPU,1,TensorRT-LLM,meta-llama/Meta-Llama-3-8B,1024,16,"Weight = int8_sq, KV Cache = fp8",37.61287069320679,871.1911480321598
Nvidia A100 GPU,1,TensorRT-LLM,meta-llama/Meta-Llama-3-8B,1024,32,"Weight = int8_sq, KV Cache = fp8",51.24859929084778,1278.7861699022812
Nvidia A100 GPU,1,TensorRT-LLM,meta-llama/Meta-Llama-3-8B,1024,64,"Weight = int8_sq, KV Cache = fp8",87.59100770950317,1496.409316749753
Nvidia A100 GPU,1,TensorRT-LLM,Qwen/Qwen2-7B,1024,1,"Weight = int8_sq, KV Cache = int8",0.5162262916564941,3967.252410620679
Nvidia A100 GPU,1,TensorRT-LLM,Qwen/Qwen2-7B,1024,16,"Weight = int8_sq, KV Cache = int8",11.115240573883057,2948.0243618832133
Nvidia A100 GPU,1,TensorRT-LLM,Qwen/Qwen2-7B,1024,32,"Weight = int8_sq, KV Cache = int8",13.51854419708252,4847.859284592459
Nvidia A100 GPU,1,TensorRT-LLM,Qwen/Qwen2-7B,1024,64,"Weight = int8_sq, KV Cache = int8",17.423131465911865,7522.872696933999
Nvidia A100 GPU,1,TensorRT-LLM,Qwen/Qwen2-7B,1024,1,"Weight = int8_sq, KV Cache = fp8",14.132153034210205,144.9177627104896
Nvidia A100 GPU,1,TensorRT-LLM,Qwen/Qwen2-7B,1024,16,"Weight = int8_sq, KV Cache = fp8",23.88222861289978,1372.0662560905496
Nvidia A100 GPU,1,TensorRT-LLM,Qwen/Qwen2-7B,1024,32,"Weight = int8_sq, KV Cache = fp8",36.369763135910034,1801.936398515953
Nvidia A100 GPU,1,TensorRT-LLM,Qwen/Qwen2-7B,1024,64,"Weight = int8_sq, KV Cache = fp8",52.39508032798767,2501.6089140335907
Nvidia A100 GPU,1,TensorRT-LLM,mistralai/Mistral-7B-v0.1,1024,1,"Weight = full_prec, KV Cache = int8",13.45737075805664,152.18425923012532
Nvidia A100 GPU,1,TensorRT-LLM,mistralai/Mistral-7B-v0.1,1024,16,"Weight = full_prec, KV Cache = int8",17.99386215209961,1821.0654123620966
Nvidia A100 GPU,1,TensorRT-LLM,mistralai/Mistral-7B-v0.1,1024,32,"Weight = full_prec, KV Cache = int8",20.277482271194458,3231.9594278772147
Nvidia A100 GPU,1,TensorRT-LLM,mistralai/Mistral-7B-v0.1,1024,64,"Weight = full_prec, KV Cache = int8",28.62776494026184,4578.492253010694
Nvidia A100 GPU,1,TensorRT-LLM,mistralai/Mistral-7B-v0.1,1024,1,"Weight = full_prec, KV Cache = fp8",17.51198410987854,116.94848437218029
Nvidia A100 GPU,1,TensorRT-LLM,mistralai/Mistral-7B-v0.1,1024,16,"Weight = full_prec, KV Cache = fp8",42.6827871799469,767.7099403526057
Nvidia A100 GPU,1,TensorRT-LLM,mistralai/Mistral-7B-v0.1,1024,32,"Weight = full_prec, KV Cache = fp8",54.40937924385071,1204.4982117197526
Nvidia A100 GPU,1,TensorRT-LLM,mistralai/Mistral-7B-v0.1,1024,64,"Weight = full_prec, KV Cache = fp8",87.98417282104492,1489.7224784574994
Nvidia A100 GPU,1,TensorRT-LLM,mistralai/Mistral-7B-v0.1,1024,1,"Weight = int8_sq, KV Cache = int8",9.442162275314331,216.89947072338595
Nvidia A100 GPU,1,TensorRT-LLM,mistralai/Mistral-7B-v0.1,1024,16,"Weight = int8_sq, KV Cache = int8",12.274689674377441,2669.558324427616
Nvidia A100 GPU,1,TensorRT-LLM,mistralai/Mistral-7B-v0.1,1024,32,"Weight = int8_sq, KV Cache = int8",14.891380071640015,4400.935285025091
Nvidia A100 GPU,1,TensorRT-LLM,mistralai/Mistral-7B-v0.1,1024,64,"Weight = int8_sq, KV Cache = int8",20.048539876937866,6537.732962327799
Nvidia A100 GPU,1,TensorRT-LLM,mistralai/Mistral-7B-v0.1,1024,1,"Weight = int8_sq, KV Cache = fp8",13.377431392669678,153.0936649858078
Nvidia A100 GPU,1,TensorRT-LLM,mistralai/Mistral-7B-v0.1,1024,16,"Weight = int8_sq, KV Cache = fp8",37.02454161643982,885.0345897449326
Nvidia A100 GPU,1,TensorRT-LLM,mistralai/Mistral-7B-v0.1,1024,32,"Weight = int8_sq, KV Cache = fp8",49.781288862228394,1316.4785705202082
Nvidia A100 GPU,1,TensorRT-LLM,mistralai/Mistral-7B-v0.1,1024,64,"Weight = int8_sq, KV Cache = fp8",83.1866683959961,1575.6370885783508
Nvidia A100 GPU,4,TensorRT-LLM,meta-llama/Meta-Llama-3-70B,1024,1,"Weight = full_prec, KV Cache = int8",45.41578531265259,45.09445308280155
Nvidia A100 GPU,4,TensorRT-LLM,meta-llama/Meta-Llama-3-70B,1024,16,"Weight = full_prec, KV Cache = int8",56.673022508621216,578.1939721851833
Nvidia A100 GPU,4,TensorRT-LLM,meta-llama/Meta-Llama-3-70B,1024,32,"Weight = full_prec, KV Cache = int8",111.7654173374176,586.3710042091831
Nvidia A100 GPU,4,TensorRT-LLM,meta-llama/Meta-Llama-3-70B,1024,64,"Weight = full_prec, KV Cache = int8",178.774986743927,733.1674435403224
Nvidia A100 GPU,4,TensorRT-LLM,meta-llama/Meta-Llama-3-70B,1024,1,"Weight = full_prec, KV Cache = fp8",55.534773111343384,36.87779539305763
Nvidia A100 GPU,4,TensorRT-LLM,meta-llama/Meta-Llama-3-70B,1024,16,"Weight = full_prec, KV Cache = fp8",82.65493679046631,396.4433495735196
Nvidia A100 GPU,4,TensorRT-LLM,meta-llama/Meta-Llama-3-70B,1024,32,"Weight = full_prec, KV Cache = fp8",155.7115478515625,420.8807946760281
Nvidia A100 GPU,4,TensorRT-LLM,meta-llama/Meta-Llama-3-70B,1024,64,"Weight = full_prec, KV Cache = fp8",261.05750823020935,502.080943346844
Nvidia H100 GPU,4,vLLM,meta-llama/Llama-2-70b-hf,128,1,"Weight = fp16, KV Cache = fp16",2.3186320289969444,110.40992999253413
Nvidia H100 GPU,4,vLLM,meta-llama/Llama-2-70b-hf,128,1,"Weight = fp16, KV Cache = fp8",2.30545693077147,111.04089457630218
Nvidia H100 GPU,4,vLLM,meta-llama/Llama-2-70b-hf,256,1,"Weight = fp16, KV Cache = fp16",4.63003187905997,110.58239195189964
Nvidia H100 GPU,4,vLLM,meta-llama/Llama-2-70b-hf,256,1,"Weight = fp16, KV Cache = fp8",4.722871109377593,108.40863283001477
Nvidia H100 GPU,4,vLLM,meta-llama/Llama-2-70b-hf,512,1,"Weight = fp16, KV Cache = fp16",9.253042502794415,110.66630242871493
Nvidia H100 GPU,4,vLLM,meta-llama/Llama-2-70b-hf,512,1,"Weight = fp16, KV Cache = fp8",9.600855910684913,106.65715739576693
Nvidia H100 GPU,4,vLLM,meta-llama/Llama-2-70b-hf,1024,1,"Weight = fp16, KV Cache = fp16",18.518604310695082,110.5914876542405
Nvidia H100 GPU,4,vLLM,meta-llama/Llama-2-70b-hf,1024,1,"Weight = fp16, KV Cache = fp8",19.263622062746435,106.3143781231355
Nvidia H100 GPU,4,vLLM,meta-llama/Llama-2-70b-hf,2048,1,"Weight = fp16, KV Cache = fp16",37.19373468402773,110.12607458747516
Nvidia H100 GPU,4,vLLM,meta-llama/Llama-2-70b-hf,2048,1,"Weight = fp16, KV Cache = fp8",38.625051287934184,106.04516663203815
Nvidia H100 GPU,4,vLLM,meta-llama/Llama-2-70b-hf,128,16,"Weight = fp16, KV Cache = fp16",2.7249386529438198,1503.1531060616678
Nvidia H100 GPU,4,vLLM,meta-llama/Llama-2-70b-hf,128,16,"Weight = fp16, KV Cache = fp8",2.7105051041580737,1511.1574568579472
Nvidia H100 GPU,4,vLLM,meta-llama/Llama-2-70b-hf,256,16,"Weight = fp16, KV Cache = fp16",5.584073775913566,1467.0293281825009
Nvidia H100 GPU,4,vLLM,meta-llama/Llama-2-70b-hf,256,16,"Weight = fp16, KV Cache = fp8",5.585109829436988,1466.7571901313536
Nvidia H100 GPU,4,vLLM,meta-llama/Llama-2-70b-hf,512,16,"Weight = fp16, KV Cache = fp16",11.487431460991502,1426.2544290806907
Nvidia H100 GPU,4,vLLM,meta-llama/Llama-2-70b-hf,512,16,"Weight = fp16, KV Cache = fp8",11.611213456839323,1411.049763308707
Nvidia H100 GPU,4,vLLM,meta-llama/Llama-2-70b-hf,1024,16,"Weight = fp16, KV Cache = fp16",23.25322412373498,1409.1809301641365
Nvidia H100 GPU,4,vLLM,meta-llama/Llama-2-70b-hf,1024,16,"Weight = fp16, KV Cache = fp8",24.66032234672457,1328.7741960255562
Nvidia H100 GPU,4,vLLM,meta-llama/Llama-2-70b-hf,2048,16,"Weight = fp16, KV Cache = fp16",47.75694050407037,1372.2822129783272
Nvidia H100 GPU,4,vLLM,meta-llama/Llama-2-70b-hf,2048,16,"Weight = fp16, KV Cache = fp8",54.71302917506546,1197.8134091297386
Nvidia H100 GPU,4,vLLM,meta-llama/Llama-2-70b-hf,128,32,"Weight = fp16, KV Cache = fp16",3.1604634593240917,2592.0249056611374
Nvidia H100 GPU,4,vLLM,meta-llama/Llama-2-70b-hf,128,32,"Weight = fp16, KV Cache = fp8",3.1840443457476795,2572.8284880643987
Nvidia H100 GPU,4,vLLM,meta-llama/Llama-2-70b-hf,256,32,"Weight = fp16, KV Cache = fp16",6.521833490114659,2512.1769859401847
Nvidia H100 GPU,4,vLLM,meta-llama/Llama-2-70b-hf,256,32,"Weight = fp16, KV Cache = fp8",6.60118871787563,2481.9772165629947
Nvidia H100 GPU,4,vLLM,meta-llama/Llama-2-70b-hf,512,32,"Weight = fp16, KV Cache = fp16",13.592966619879007,2410.6584615663296
Nvidia H100 GPU,4,vLLM,meta-llama/Llama-2-70b-hf,512,32,"Weight = fp16, KV Cache = fp8",14.068787553813308,2329.1275011909834
Nvidia H100 GPU,4,vLLM,meta-llama/Llama-2-70b-hf,1024,32,"Weight = fp16, KV Cache = fp16",28.087526164017618,2333.2777553032383
Nvidia H100 GPU,4,vLLM,meta-llama/Llama-2-70b-hf,1024,32,"Weight = fp16, KV Cache = fp8",31.049979799892753,2110.661598569747
Nvidia H100 GPU,4,vLLM,meta-llama/Llama-2-70b-hf,2048,32,"Weight = fp16, KV Cache = fp16",59.03881184197962,2220.098879205443
Nvidia H100 GPU,4,vLLM,meta-llama/Llama-2-70b-hf,2048,32,"Weight = fp16, KV Cache = fp8",73.38947022007778,1785.9782828101343
Nvidia H100 GPU,4,vLLM,meta-llama/Llama-2-70b-hf,128,64,"Weight = fp16, KV Cache = fp16",3.6607955233193934,4475.529948513474
Nvidia H100 GPU,4,vLLM,meta-llama/Llama-2-70b-hf,128,64,"Weight = fp16, KV Cache = fp8",3.7954735993407667,4316.720844230276
Nvidia H100 GPU,4,vLLM,meta-llama/Llama-2-70b-hf,256,64,"Weight = fp16, KV Cache = fp16",7.583983873017132,4320.68429319641
Nvidia H100 GPU,4,vLLM,meta-llama/Llama-2-70b-hf,256,64,"Weight = fp16, KV Cache = fp8",7.998257212806493,4096.892501473093
Nvidia H100 GPU,4,vLLM,meta-llama/Llama-2-70b-hf,512,64,"Weight = fp16, KV Cache = fp16",15.820700131822377,4142.420970875892
Nvidia H100 GPU,4,vLLM,meta-llama/Llama-2-70b-hf,512,64,"Weight = fp16, KV Cache = fp8",17.50899085821584,3742.9912740658147
Nvidia H100 GPU,4,vLLM,meta-llama/Llama-2-70b-hf,1024,64,"Weight = fp16, KV Cache = fp16",34.54894947493449,3793.8056581168607
Nvidia H100 GPU,4,vLLM,meta-llama/Llama-2-70b-hf,1024,64,"Weight = fp16, KV Cache = fp8",41.09805735433474,3189.2505008189987
Nvidia H100 GPU,4,vLLM,meta-llama/Llama-2-70b-hf,2048,64,"Weight = fp16, KV Cache = fp16",77.11116514028981,3399.559577696387
Nvidia H100 GPU,4,vLLM,meta-llama/Llama-2-70b-hf,2048,64,"Weight = fp16, KV Cache = fp8",106.34511632705107,2465.0309205907397
Nvidia H100 GPU,1,vLLM,meta-llama/Llama-2-7b-hf,1024,1,"Weight = fp16, KV Cache = fp16",7.94368945795577,257.81471076376044
Nvidia H100 GPU,1,vLLM,meta-llama/Llama-2-7b-hf,1024,1,"Weight = fp16, KV Cache = fp8",7.891699303989299,259.51318228315216
Nvidia H100 GPU,1,vLLM,meta-llama/Llama-2-7b-hf,2048,1,"Weight = fp16, KV Cache = fp16",16.09883266198449,254.42838533704528
Nvidia H100 GPU,1,vLLM,meta-llama/Llama-2-7b-hf,2048,1,"Weight = fp16, KV Cache = fp8",16.042035111924633,255.3292005298812
Nvidia H100 GPU,1,vLLM,meta-llama/Llama-2-7b-hf,1024,16,"Weight = fp16, KV Cache = fp16",13.432542470982298,2439.448828900947
Nvidia H100 GPU,1,vLLM,meta-llama/Llama-2-7b-hf,1024,16,"Weight = fp16, KV Cache = fp8",11.945945688989013,2743.022683436723
Nvidia H100 GPU,1,vLLM,meta-llama/Llama-2-7b-hf,2048,16,"Weight = fp16, KV Cache = fp16",35.96464751800522,1822.233902534156
Nvidia H100 GPU,1,vLLM,meta-llama/Llama-2-7b-hf,2048,16,"Weight = fp16, KV Cache = fp8",29.044541806099005,2256.396414772783
Nvidia H100 GPU,1,vLLM,meta-llama/Llama-2-7b-hf,1024,32,"Weight = fp16, KV Cache = fp16",19.401329258922487,3377.912880369298
Nvidia H100 GPU,1,vLLM,meta-llama/Llama-2-7b-hf,1024,32,"Weight = fp16, KV Cache = fp8",15.756981551996432,4159.172223673543
Nvidia H100 GPU,1,vLLM,meta-llama/Llama-2-7b-hf,2048,32,"Weight = fp16, KV Cache = fp16",60.352545244037174,2171.77253204495
Nvidia H100 GPU,1,vLLM,meta-llama/Llama-2-7b-hf,2048,32,"Weight = fp16, KV Cache = fp8",42.32875906606205,3096.523566765501
Nvidia H100 GPU,1,vLLM,meta-llama/Llama-2-7b-hf,1024,64,"Weight = fp16, KV Cache = fp16",33.451155283953995,3918.3101117847855
Nvidia H100 GPU,1,vLLM,meta-llama/Llama-2-7b-hf,1024,64,"Weight = fp16, KV Cache = fp8",24.026209578034468,5455.375704365379
Nvidia H100 GPU,1,vLLM,meta-llama/Llama-2-7b-hf,2048,64,"Weight = fp16, KV Cache = fp16",120.52535785897635,2175.0111732232153
Nvidia H100 GPU,1,vLLM,meta-llama/Llama-2-7b-hf,2048,64,"Weight = fp16, KV Cache = fp8",73.74493281194009,3554.7391529734514
Nvidia H100 GPU,4,vLLM,meta-llama/Meta-Llama-3-70B,128,1,"Weight = fp16, KV Cache = fp16",2.4167898651212454,105.92563453470002
Nvidia H100 GPU,4,vLLM,meta-llama/Meta-Llama-3-70B,128,1,"Weight = fp16, KV Cache = fp8",2.3359349919483066,109.5920909110921
Nvidia H100 GPU,4,vLLM,meta-llama/Meta-Llama-3-70B,256,1,"Weight = fp16, KV Cache = fp16",4.83186934934929,105.96312999832068
Nvidia H100 GPU,4,vLLM,meta-llama/Meta-Llama-3-70B,256,1,"Weight = fp16, KV Cache = fp8",4.793674723710865,106.80741383379724
Nvidia H100 GPU,4,vLLM,meta-llama/Meta-Llama-3-70B,512,1,"Weight = fp16, KV Cache = fp16",9.655675224028528,106.05162003085353
Nvidia H100 GPU,4,vLLM,meta-llama/Meta-Llama-3-70B,512,1,"Weight = fp16, KV Cache = fp8",9.744397648144513,105.08602347472814
Nvidia H100 GPU,4,vLLM,meta-llama/Meta-Llama-3-70B,1024,1,"Weight = fp16, KV Cache = fp16",19.369594376068562,105.73272523095972
Nvidia H100 GPU,4,vLLM,meta-llama/Meta-Llama-3-70B,1024,1,"Weight = fp16, KV Cache = fp8",19.54886397672817,104.76312088712825
Nvidia H100 GPU,4,vLLM,meta-llama/Meta-Llama-3-70B,2048,1,"Weight = fp16, KV Cache = fp16",38.83082226989791,105.4832156664183
Nvidia H100 GPU,4,vLLM,meta-llama/Meta-Llama-3-70B,2048,1,"Weight = fp16, KV Cache = fp8",39.12777333101258,104.6826755345549
Nvidia H100 GPU,4,vLLM,meta-llama/Meta-Llama-3-70B,128,16,"Weight = fp16, KV Cache = fp16",2.8253206331282854,1449.746960388272
Nvidia H100 GPU,4,vLLM,meta-llama/Meta-Llama-3-70B,128,16,"Weight = fp16, KV Cache = fp8",2.738133031874895,1495.909786821178
Nvidia H100 GPU,4,vLLM,meta-llama/Meta-Llama-3-70B,256,16,"Weight = fp16, KV Cache = fp16",5.643340513110161,1451.622488660572
Nvidia H100 GPU,4,vLLM,meta-llama/Meta-Llama-3-70B,256,16,"Weight = fp16, KV Cache = fp8",5.6442625960335135,1451.385342304396
Nvidia H100 GPU,4,vLLM,meta-llama/Meta-Llama-3-70B,512,16,"Weight = fp16, KV Cache = fp16",11.796516661997885,1388.8845724077644
Nvidia H100 GPU,4,vLLM,meta-llama/Meta-Llama-3-70B,512,16,"Weight = fp16, KV Cache = fp8",11.676126445177943,1403.2050849163538
Nvidia H100 GPU,4,vLLM,meta-llama/Meta-Llama-3-70B,1024,16,"Weight = fp16, KV Cache = fp16",24.824540900997818,1319.9841290391355
Nvidia H100 GPU,4,vLLM,meta-llama/Meta-Llama-3-70B,1024,16,"Weight = fp16, KV Cache = fp8",24.760449931025505,1323.4008304082076
Nvidia H100 GPU,4,vLLM,meta-llama/Meta-Llama-3-70B,2048,16,"Weight = fp16, KV Cache = fp16",50.80407617986202,1289.9752328530185
Nvidia H100 GPU,4,vLLM,meta-llama/Meta-Llama-3-70B,2048,16,"Weight = fp16, KV Cache = fp8",54.843102637678385,1194.9725097240462
Nvidia H100 GPU,4,vLLM,meta-llama/Meta-Llama-3-70B,128,32,"Weight = fp16, KV Cache = fp16",3.203669080976397,2557.068096903219
Nvidia H100 GPU,4,vLLM,meta-llama/Meta-Llama-3-70B,128,32,"Weight = fp16, KV Cache = fp8",3.20220917603001,2558.2338784489284
Nvidia H100 GPU,4,vLLM,meta-llama/Meta-Llama-3-70B,256,32,"Weight = fp16, KV Cache = fp16",6.573898961767554,2492.280470887365
Nvidia H100 GPU,4,vLLM,meta-llama/Meta-Llama-3-70B,256,32,"Weight = fp16, KV Cache = fp8",6.620703547727317,2474.6614739492634
Nvidia H100 GPU,4,vLLM,meta-llama/Meta-Llama-3-70B,512,32,"Weight = fp16, KV Cache = fp16",13.734404254704714,2385.8333708777604
Nvidia H100 GPU,4,vLLM,meta-llama/Meta-Llama-3-70B,512,32,"Weight = fp16, KV Cache = fp8",14.124266345053911,2319.9789071858463
Nvidia H100 GPU,4,vLLM,meta-llama/Meta-Llama-3-70B,1024,32,"Weight = fp16, KV Cache = fp16",29.57800453901291,2215.7005187269842
Nvidia H100 GPU,4,vLLM,meta-llama/Meta-Llama-3-70B,1024,32,"Weight = fp16, KV Cache = fp8",31.211626918055117,2099.730339980744
Nvidia H100 GPU,4,vLLM,meta-llama/Meta-Llama-3-70B,2048,32,"Weight = fp16, KV Cache = fp16",63.4026417597197,2067.295563120704
Nvidia H100 GPU,4,vLLM,meta-llama/Meta-Llama-3-70B,2048,32,"Weight = fp16, KV Cache = fp8",73.74340784503147,1777.4063313624188
Nvidia H100 GPU,4,vLLM,meta-llama/Meta-Llama-3-70B,128,64,"Weight = fp16, KV Cache = fp16",4.161891308031045,3936.6717646816996
Nvidia H100 GPU,4,vLLM,meta-llama/Meta-Llama-3-70B,128,64,"Weight = fp16, KV Cache = fp8",3.7848524699220434,4328.834513419611
Nvidia H100 GPU,4,vLLM,meta-llama/Meta-Llama-3-70B,256,64,"Weight = fp16, KV Cache = fp16",7.562099174014293,4333.188344395292
Nvidia H100 GPU,4,vLLM,meta-llama/Meta-Llama-3-70B,256,64,"Weight = fp16, KV Cache = fp8",7.904674532008357,4145.3952173884845
Nvidia H100 GPU,4,vLLM,meta-llama/Meta-Llama-3-70B,512,64,"Weight = fp16, KV Cache = fp16",15.893134910962544,4123.541413770766
Nvidia H100 GPU,4,vLLM,meta-llama/Meta-Llama-3-70B,512,64,"Weight = fp16, KV Cache = fp8",17.31276715407148,3785.4145103885235
Nvidia H100 GPU,4,vLLM,meta-llama/Meta-Llama-3-70B,1024,64,"Weight = fp16, KV Cache = fp16",34.60769735905342,3787.365528545094
Nvidia H100 GPU,4,vLLM,meta-llama/Meta-Llama-3-70B,1024,64,"Weight = fp16, KV Cache = fp8",40.74181283800863,3217.1371588482934
Nvidia H100 GPU,4,vLLM,meta-llama/Meta-Llama-3-70B,2048,64,"Weight = fp16, KV Cache = fp16",80.47302117594518,3257.5389387562786
Nvidia H100 GPU,4,vLLM,meta-llama/Meta-Llama-3-70B,2048,64,"Weight = fp16, KV Cache = fp8",105.33712596003897,2488.6192556596598
Nvidia H100 GPU,1,vLLM,mistralai/Mistral-7B-v0.1,128,1,"Weight = fp16, KV Cache = fp16",0.9564076269743964,267.6682962157654
Nvidia H100 GPU,1,vLLM,mistralai/Mistral-7B-v0.1,128,1,"Weight = fp16, KV Cache = fp8",0.9558968789642677,267.81131483281
Nvidia H100 GPU,1,vLLM,mistralai/Mistral-7B-v0.1,256,1,"Weight = fp16, KV Cache = fp16",1.9651140130590647,260.5446791369509
Nvidia H100 GPU,1,vLLM,mistralai/Mistral-7B-v0.1,256,1,"Weight = fp16, KV Cache = fp8",1.9455914319260046,263.15905364218963
Nvidia H100 GPU,1,vLLM,mistralai/Mistral-7B-v0.1,512,1,"Weight = fp16, KV Cache = fp16",4.052523180958815,252.68208330340127
Nvidia H100 GPU,1,vLLM,mistralai/Mistral-7B-v0.1,512,1,"Weight = fp16, KV Cache = fp8",3.9827260460006073,257.11032799463703
Nvidia H100 GPU,1,vLLM,mistralai/Mistral-7B-v0.1,1024,1,"Weight = fp16, KV Cache = fp16",8.053277010913007,254.3064142987696
Nvidia H100 GPU,1,vLLM,mistralai/Mistral-7B-v0.1,1024,1,"Weight = fp16, KV Cache = fp8",7.948430164018646,257.66094156189354
Nvidia H100 GPU,1,vLLM,mistralai/Mistral-7B-v0.1,2048,1,"Weight = fp16, KV Cache = fp16",16.22412875306327,252.4634796938872
Nvidia H100 GPU,1,vLLM,mistralai/Mistral-7B-v0.1,2048,1,"Weight = fp16, KV Cache = fp8",16.093612510012463,254.5109121679001
Nvidia H100 GPU,1,vLLM,mistralai/Mistral-7B-v0.1,128,16,"Weight = fp16, KV Cache = fp16",1.2164980430388823,3367.041996851845
Nvidia H100 GPU,1,vLLM,mistralai/Mistral-7B-v0.1,128,16,"Weight = fp16, KV Cache = fp8",1.1522052979562432,3554.922032788251
Nvidia H100 GPU,1,vLLM,mistralai/Mistral-7B-v0.1,256,16,"Weight = fp16, KV Cache = fp16",2.3883328379597515,3430.007689798407
Nvidia H100 GPU,1,vLLM,mistralai/Mistral-7B-v0.1,256,16,"Weight = fp16, KV Cache = fp8",2.3935732529498637,3422.498137420318
Nvidia H100 GPU,1,vLLM,mistralai/Mistral-7B-v0.1,512,16,"Weight = fp16, KV Cache = fp16",5.115864758961834,3202.5866147651677
Nvidia H100 GPU,1,vLLM,mistralai/Mistral-7B-v0.1,512,16,"Weight = fp16, KV Cache = fp8",5.11744970199652,3201.5947305955838
Nvidia H100 GPU,1,vLLM,mistralai/Mistral-7B-v0.1,1024,16,"Weight = fp16, KV Cache = fp16",11.554364035022445,2835.984732753519
Nvidia H100 GPU,1,vLLM,mistralai/Mistral-7B-v0.1,1024,16,"Weight = fp16, KV Cache = fp8",11.534232096048072,2840.9346827022123
Nvidia H100 GPU,1,vLLM,mistralai/Mistral-7B-v0.1,2048,16,"Weight = fp16, KV Cache = fp16",27.32970992999617,2397.9764208206943
Nvidia H100 GPU,1,vLLM,mistralai/Mistral-7B-v0.1,2048,16,"Weight = fp16, KV Cache = fp8",28.06788260000758,2334.910721052478
Nvidia H100 GPU,1,vLLM,mistralai/Mistral-7B-v0.1,128,32,"Weight = fp16, KV Cache = fp16",1.4679405950009823,5580.607299707873
Nvidia H100 GPU,1,vLLM,mistralai/Mistral-7B-v0.1,128,32,"Weight = fp16, KV Cache = fp8",1.3325938739581034,6147.409319591061
Nvidia H100 GPU,1,vLLM,mistralai/Mistral-7B-v0.1,256,32,"Weight = fp16, KV Cache = fp16",3.318274581921287,4937.505801739178
Nvidia H100 GPU,1,vLLM,mistralai/Mistral-7B-v0.1,256,32,"Weight = fp16, KV Cache = fp8",2.8997331650462,5650.175056620757
Nvidia H100 GPU,1,vLLM,mistralai/Mistral-7B-v0.1,512,32,"Weight = fp16, KV Cache = fp16",8.200084572890773,3996.0563465808627
Nvidia H100 GPU,1,vLLM,mistralai/Mistral-7B-v0.1,512,32,"Weight = fp16, KV Cache = fp8",6.3609180530766025,5151.457655416739
Nvidia H100 GPU,1,vLLM,mistralai/Mistral-7B-v0.1,1024,32,"Weight = fp16, KV Cache = fp16",22.486608396982774,2914.4457377927006
Nvidia H100 GPU,1,vLLM,mistralai/Mistral-7B-v0.1,1024,32,"Weight = fp16, KV Cache = fp8",15.038356370991096,4357.923059092986
Nvidia H100 GPU,1,vLLM,mistralai/Mistral-7B-v0.1,2048,32,"Weight = fp16, KV Cache = fp16",68.62714412703644,1909.9148255006971
Nvidia H100 GPU,1,vLLM,mistralai/Mistral-7B-v0.1,2048,32,"Weight = fp16, KV Cache = fp8",40.38808586704545,3245.313492485858
Nvidia H100 GPU,1,vLLM,mistralai/Mistral-7B-v0.1,128,64,"Weight = fp16, KV Cache = fp16",1.959332135040313,8362.033014715445
Nvidia H100 GPU,1,vLLM,mistralai/Mistral-7B-v0.1,128,64,"Weight = fp16, KV Cache = fp8",1.7151172159938142,9552.699866350762
Nvidia H100 GPU,1,vLLM,mistralai/Mistral-7B-v0.1,256,64,"Weight = fp16, KV Cache = fp16",4.5318613649578765,7230.58305652838
Nvidia H100 GPU,1,vLLM,mistralai/Mistral-7B-v0.1,256,64,"Weight = fp16, KV Cache = fp8",3.816341420984827,8586.233878294895
Nvidia H100 GPU,1,vLLM,mistralai/Mistral-7B-v0.1,512,64,"Weight = fp16, KV Cache = fp16",11.30980557797011,5794.617736635083
Nvidia H100 GPU,1,vLLM,mistralai/Mistral-7B-v0.1,512,64,"Weight = fp16, KV Cache = fp8",8.9475641179597,7324.451564248089
Nvidia H100 GPU,1,vLLM,mistralai/Mistral-7B-v0.1,1024,64,"Weight = fp16, KV Cache = fp16",31.708197535946965,4133.694444517265
Nvidia H100 GPU,1,vLLM,mistralai/Mistral-7B-v0.1,1024,64,"Weight = fp16, KV Cache = fp8",22.55012806900777,5812.472532257654
Nvidia H100 GPU,1,vLLM,mistralai/Mistral-7B-v0.1,2048,64,"Weight = fp16, KV Cache = fp16",101.13119916000869,2592.1179831481936
Nvidia H100 GPU,1,vLLM,mistralai/Mistral-7B-v0.1,2048,64,"Weight = fp16, KV Cache = fp8",64.47811656096019,4065.627440469025
Nvidia H100 GPU,1,vLLM,meta-llama/Meta-Llama-3-8B,128,1,"Weight = fp16, KV Cache = fp16",1.010333460289985,253.3816903644101
Nvidia H100 GPU,1,vLLM,meta-llama/Meta-Llama-3-8B,128,1,"Weight = fp16, KV Cache = fp8",0.9973997483029962,256.6673998420047
Nvidia H100 GPU,1,vLLM,meta-llama/Meta-Llama-3-8B,256,1,"Weight = fp16, KV Cache = fp16",2.0343496394343674,251.6774845755408
Nvidia H100 GPU,1,vLLM,meta-llama/Meta-Llama-3-8B,256,1,"Weight = fp16, KV Cache = fp8",2.050437508150935,249.70280633508148
Nvidia H100 GPU,1,vLLM,meta-llama/Meta-Llama-3-8B,512,1,"Weight = fp16, KV Cache = fp16",4.176329005975276,245.19141057491245
Nvidia H100 GPU,1,vLLM,meta-llama/Meta-Llama-3-8B,512,1,"Weight = fp16, KV Cache = fp8",4.141500025987625,247.25340904852615
Nvidia H100 GPU,1,vLLM,meta-llama/Meta-Llama-3-8B,1024,1,"Weight = fp16, KV Cache = fp16",8.197732408065349,249.82518311833073
Nvidia H100 GPU,1,vLLM,meta-llama/Meta-Llama-3-8B,1024,1,"Weight = fp16, KV Cache = fp8",8.367716738022864,244.75015874926765
Nvidia H100 GPU,1,vLLM,meta-llama/Meta-Llama-3-8B,2048,1,"Weight = fp16, KV Cache = fp16",16.666050790809095,245.7690817946409
Nvidia H100 GPU,1,vLLM,meta-llama/Meta-Llama-3-8B,2048,1,"Weight = fp16, KV Cache = fp8",16.961227899882942,241.4919500037063
Nvidia H100 GPU,1,vLLM,meta-llama/Meta-Llama-3-8B,128,16,"Weight = fp16, KV Cache = fp16",1.1884269518777728,3446.572794001448
Nvidia H100 GPU,1,vLLM,meta-llama/Meta-Llama-3-8B,128,16,"Weight = fp16, KV Cache = fp8",1.1969947698526084,3421.903005060214
Nvidia H100 GPU,1,vLLM,meta-llama/Meta-Llama-3-8B,256,16,"Weight = fp16, KV Cache = fp16",2.434537319932133,3364.9104217586473
Nvidia H100 GPU,1,vLLM,meta-llama/Meta-Llama-3-8B,256,16,"Weight = fp16, KV Cache = fp8",2.503572807647288,3272.123732522229
Nvidia H100 GPU,1,vLLM,meta-llama/Meta-Llama-3-8B,512,16,"Weight = fp16, KV Cache = fp16",5.12163628032431,3198.9776515255667
Nvidia H100 GPU,1,vLLM,meta-llama/Meta-Llama-3-8B,512,16,"Weight = fp16, KV Cache = fp8",5.309644120745361,3085.7058641625185
Nvidia H100 GPU,1,vLLM,meta-llama/Meta-Llama-3-8B,1024,16,"Weight = fp16, KV Cache = fp16",11.196044038049877,2926.7480449913915
Nvidia H100 GPU,1,vLLM,meta-llama/Meta-Llama-3-8B,1024,16,"Weight = fp16, KV Cache = fp8",11.884978183079511,2757.0938284641848
Nvidia H100 GPU,1,vLLM,meta-llama/Meta-Llama-3-8B,2048,16,"Weight = fp16, KV Cache = fp16",25.940946077927947,2526.3535031886063
Nvidia H100 GPU,1,vLLM,meta-llama/Meta-Llama-3-8B,2048,16,"Weight = fp16, KV Cache = fp8",28.314875633921474,2314.5430990870145
Nvidia H100 GPU,1,vLLM,meta-llama/Meta-Llama-3-8B,128,32,"Weight = fp16, KV Cache = fp16",1.3381856889463961,6121.721423018557
Nvidia H100 GPU,1,vLLM,meta-llama/Meta-Llama-3-8B,128,32,"Weight = fp16, KV Cache = fp8",1.3687224215827882,5985.143423402669
Nvidia H100 GPU,1,vLLM,meta-llama/Meta-Llama-3-8B,256,32,"Weight = fp16, KV Cache = fp16",2.827963484916836,5793.568441525268
Nvidia H100 GPU,1,vLLM,meta-llama/Meta-Llama-3-8B,256,32,"Weight = fp16, KV Cache = fp8",2.9960704250261188,5468.4962887203055
Nvidia H100 GPU,1,vLLM,meta-llama/Meta-Llama-3-8B,512,32,"Weight = fp16, KV Cache = fp16",6.013485499192029,5449.086059058877
Nvidia H100 GPU,1,vLLM,meta-llama/Meta-Llama-3-8B,512,32,"Weight = fp16, KV Cache = fp8",6.570708645973355,4986.981125708687
Nvidia H100 GPU,1,vLLM,meta-llama/Meta-Llama-3-8B,1024,32,"Weight = fp16, KV Cache = fp16",13.557515712920576,4833.92395684579
Nvidia H100 GPU,1,vLLM,meta-llama/Meta-Llama-3-8B,1024,32,"Weight = fp16, KV Cache = fp8",15.533497912809253,4219.011092534259
Nvidia H100 GPU,1,vLLM,meta-llama/Meta-Llama-3-8B,2048,32,"Weight = fp16, KV Cache = fp16",33.04554203618318,3966.404904373572
Nvidia H100 GPU,1,vLLM,meta-llama/Meta-Llama-3-8B,2048,32,"Weight = fp16, KV Cache = fp8",40.91868844581768,3203.230723622984
Nvidia H100 GPU,1,vLLM,meta-llama/Meta-Llama-3-8B,128,64,"Weight = fp16, KV Cache = fp16",1.8078341940417886,9062.778021346176
Nvidia H100 GPU,1,vLLM,meta-llama/Meta-Llama-3-8B,128,64,"Weight = fp16, KV Cache = fp8",1.7918249820359051,9143.750178873046
Nvidia H100 GPU,1,vLLM,meta-llama/Meta-Llama-3-8B,256,64,"Weight = fp16, KV Cache = fp16",3.701150704175234,8853.462779301239
Nvidia H100 GPU,1,vLLM,meta-llama/Meta-Llama-3-8B,256,64,"Weight = fp16, KV Cache = fp8",3.9757542172446847,8241.95818188912
Nvidia H100 GPU,1,vLLM,meta-llama/Meta-Llama-3-8B,512,64,"Weight = fp16, KV Cache = fp16",8.237546034157276,7955.767376382803
Nvidia H100 GPU,1,vLLM,meta-llama/Meta-Llama-3-8B,512,64,"Weight = fp16, KV Cache = fp8",9.120373255107552,7185.670823647356
Nvidia H100 GPU,1,vLLM,meta-llama/Meta-Llama-3-8B,1024,64,"Weight = fp16, KV Cache = fp16",19.312098698690534,6787.040706709282
Nvidia H100 GPU,1,vLLM,meta-llama/Meta-Llama-3-8B,1024,64,"Weight = fp16, KV Cache = fp8",23.043681737035513,5687.97996326007
Nvidia H100 GPU,1,vLLM,meta-llama/Meta-Llama-3-8B,2048,64,"Weight = fp16, KV Cache = fp16",50.99662512680516,5140.418593351392
Nvidia H100 GPU,1,vLLM,meta-llama/Meta-Llama-3-8B,2048,64,"Weight = fp16, KV Cache = fp8",65.51213897718117,4001.4568916961875
Nvidia H100 GPU,4,vLLM,mistralai/Mixtral-8x7B-v0.1,128,1,"Weight = fp16, KV Cache = fp16",0.8338888909202069,306.9953356945441
Nvidia H100 GPU,4,vLLM,mistralai/Mixtral-8x7B-v0.1,128,1,"Weight = fp16, KV Cache = fp8",0.8012753990478814,319.49065240764037
Nvidia H100 GPU,4,vLLM,mistralai/Mixtral-8x7B-v0.1,256,1,"Weight = fp16, KV Cache = fp16",1.645173435099423,311.21338886015883
Nvidia H100 GPU,4,vLLM,mistralai/Mixtral-8x7B-v0.1,256,1,"Weight = fp16, KV Cache = fp8",1.6277518409769982,314.5442610543698
Nvidia H100 GPU,4,vLLM,mistralai/Mixtral-8x7B-v0.1,512,1,"Weight = fp16, KV Cache = fp16",3.2631784869590774,313.80447134359946
Nvidia H100 GPU,4,vLLM,mistralai/Mixtral-8x7B-v0.1,512,1,"Weight = fp16, KV Cache = fp8",3.3102338719181716,309.34370187162205
Nvidia H100 GPU,4,vLLM,mistralai/Mixtral-8x7B-v0.1,1024,1,"Weight = fp16, KV Cache = fp16",6.543893898022361,312.9635094815533
Nvidia H100 GPU,4,vLLM,mistralai/Mixtral-8x7B-v0.1,1024,1,"Weight = fp16, KV Cache = fp8",6.757340062060393,303.0778355374852
Nvidia H100 GPU,4,vLLM,mistralai/Mixtral-8x7B-v0.1,2048,1,"Weight = fp16, KV Cache = fp16",13.069303220952861,313.4061495668143
Nvidia H100 GPU,4,vLLM,mistralai/Mixtral-8x7B-v0.1,2048,1,"Weight = fp16, KV Cache = fp8",13.252085276995786,309.0834321078677
Nvidia H100 GPU,4,vLLM,mistralai/Mixtral-8x7B-v0.1,128,16,"Weight = fp16, KV Cache = fp16",1.61425158707425,2537.3987752577
Nvidia H100 GPU,4,vLLM,mistralai/Mixtral-8x7B-v0.1,128,16,"Weight = fp16, KV Cache = fp8",1.5909832520410419,2574.508559248075
Nvidia H100 GPU,4,vLLM,mistralai/Mixtral-8x7B-v0.1,256,16,"Weight = fp16, KV Cache = fp16",3.3961917338892817,2412.1135206399586
Nvidia H100 GPU,4,vLLM,mistralai/Mixtral-8x7B-v0.1,256,16,"Weight = fp16, KV Cache = fp8",3.3182512219063938,2468.770280537575
Nvidia H100 GPU,4,vLLM,mistralai/Mixtral-8x7B-v0.1,512,16,"Weight = fp16, KV Cache = fp16",6.791159929241985,2412.5481023429156
Nvidia H100 GPU,4,vLLM,mistralai/Mixtral-8x7B-v0.1,512,16,"Weight = fp16, KV Cache = fp8",6.784407655708492,2414.9492234910563
Nvidia H100 GPU,4,vLLM,mistralai/Mixtral-8x7B-v0.1,1024,16,"Weight = fp16, KV Cache = fp16",14.408686097711325,2274.183765111301
Nvidia H100 GPU,4,vLLM,mistralai/Mixtral-8x7B-v0.1,1024,16,"Weight = fp16, KV Cache = fp8",13.786749381106347,2376.774908587659
Nvidia H100 GPU,4,vLLM,mistralai/Mixtral-8x7B-v0.1,2048,16,"Weight = fp16, KV Cache = fp16",29.653020850848407,2210.0952321060045
Nvidia H100 GPU,4,vLLM,mistralai/Mixtral-8x7B-v0.1,2048,16,"Weight = fp16, KV Cache = fp8",29.277038578875363,2238.4777689669418
Nvidia H100 GPU,4,vLLM,mistralai/Mixtral-8x7B-v0.1,128,32,"Weight = fp16, KV Cache = fp16",1.891962710302323,4329.895063677535
Nvidia H100 GPU,4,vLLM,mistralai/Mixtral-8x7B-v0.1,128,32,"Weight = fp16, KV Cache = fp8",1.8499301532283425,4428.275297693814
Nvidia H100 GPU,4,vLLM,mistralai/Mixtral-8x7B-v0.1,256,32,"Weight = fp16, KV Cache = fp16",3.7708685249090195,4344.887627816539
Nvidia H100 GPU,4,vLLM,mistralai/Mixtral-8x7B-v0.1,256,32,"Weight = fp16, KV Cache = fp8",3.7928139637224376,4319.747859164705
Nvidia H100 GPU,4,vLLM,mistralai/Mixtral-8x7B-v0.1,512,32,"Weight = fp16, KV Cache = fp16",7.9176338841207325,4138.610155455419
Nvidia H100 GPU,4,vLLM,mistralai/Mixtral-8x7B-v0.1,512,32,"Weight = fp16, KV Cache = fp8",7.952966975979507,4120.223320299178
Nvidia H100 GPU,4,vLLM,mistralai/Mixtral-8x7B-v0.1,1024,32,"Weight = fp16, KV Cache = fp16",16.919203981757164,3873.4682831806417
Nvidia H100 GPU,4,vLLM,mistralai/Mixtral-8x7B-v0.1,1024,32,"Weight = fp16, KV Cache = fp8",16.546439204830676,3960.731320420105
Nvidia H100 GPU,4,vLLM,mistralai/Mixtral-8x7B-v0.1,2048,32,"Weight = fp16, KV Cache = fp16",36.26743486197665,3614.0410949608663
Nvidia H100 GPU,4,vLLM,mistralai/Mixtral-8x7B-v0.1,2048,32,"Weight = fp16, KV Cache = fp8",36.89119761111215,3552.9342631186164
Nvidia H100 GPU,4,vLLM,mistralai/Mixtral-8x7B-v0.1,128,64,"Weight = fp16, KV Cache = fp16",2.2874279669485986,7162.629921787683
Nvidia H100 GPU,4,vLLM,mistralai/Mixtral-8x7B-v0.1,2048,64,"Weight = fp16, KV Cache = fp8",51.325532383983955,5107.4774644091485
Nvidia H100 GPU,4,vLLM,mistralai/Mixtral-8x7B-v0.1,128,64,"Weight = fp16, KV Cache = fp8",2.215611983090639,7394.7966182893415
Nvidia H100 GPU,4,vLLM,mistralai/Mixtral-8x7B-v0.1,256,64,"Weight = fp16, KV Cache = fp16",4.648729659616947,7048.807394556057
Nvidia H100 GPU,4,vLLM,mistralai/Mixtral-8x7B-v0.1,256,64,"Weight = fp16, KV Cache = fp8",4.708260648883879,6959.6826606801915
Nvidia H100 GPU,4,vLLM,mistralai/Mixtral-8x7B-v0.1,512,64,"Weight = fp16, KV Cache = fp16",9.66271187318489,6782.360983138673
Nvidia H100 GPU,4,vLLM,mistralai/Mixtral-8x7B-v0.1,512,64,"Weight = fp16, KV Cache = fp8",9.955495776142925,6582.89667070611
Nvidia H100 GPU,4,vLLM,mistralai/Mixtral-8x7B-v0.1,1024,64,"Weight = fp16, KV Cache = fp16",20.941773748025298,6258.877666098337
Nvidia H100 GPU,4,vLLM,mistralai/Mixtral-8x7B-v0.1,1024,64,"Weight = fp16, KV Cache = fp8",21.839288108982146,6001.660830056645
Nvidia H100 GPU,4,vLLM,mistralai/Mixtral-8x7B-v0.1,2048,64,"Weight = fp16, KV Cache = fp16",49.15488893305883,5333.0198824576455
Nvidia H100 GPU,4,vLLM,mistralai/Mixtral-8x7B-v0.1,2048,64,"Weight = fp16, KV Cache = fp8",51.22933417791501,5117.068261898481
Nvidia H100 GPU,4,vLLM,Qwen/Qwen2-72B,128,1,"Weight = fp16, KV Cache = fp16",2.5102962530218065,101.9799952662305
Nvidia H100 GPU,4,vLLM,Qwen/Qwen2-72B,128,1,"Weight = fp16, KV Cache = fp8",2.427057741675526,105.47750702596375
Nvidia H100 GPU,4,vLLM,Qwen/Qwen2-72B,256,1,"Weight = fp16, KV Cache = fp16",5.0324922180734575,101.73885578227565
Nvidia H100 GPU,4,vLLM,Qwen/Qwen2-72B,256,1,"Weight = fp16, KV Cache = fp8",4.990768255200237,102.58941586127762
Nvidia H100 GPU,4,vLLM,Qwen/Qwen2-72B,512,1,"Weight = fp16, KV Cache = fp16",10.033035752829164,102.06282776489135
Nvidia H100 GPU,4,vLLM,Qwen/Qwen2-72B,512,1,"Weight = fp16, KV Cache = fp8",10.082923472858965,101.55784706254937
Nvidia H100 GPU,4,vLLM,Qwen/Qwen2-72B,1024,1,"Weight = fp16, KV Cache = fp16",20.01815038919449,102.307154266634
Nvidia H100 GPU,4,vLLM,Qwen/Qwen2-72B,1024,1,"Weight = fp16, KV Cache = fp8",20.248903586063534,101.14127865222056
Nvidia H100 GPU,4,vLLM,Qwen/Qwen2-72B,2048,1,"Weight = fp16, KV Cache = fp16",40.073020447045565,102.21340828083207
Nvidia H100 GPU,4,vLLM,Qwen/Qwen2-72B,2048,1,"Weight = fp16, KV Cache = fp8",40.641936076804996,100.7826003234539
Nvidia H100 GPU,4,vLLM,Qwen/Qwen2-72B,128,16,"Weight = fp16, KV Cache = fp16",2.8117824462242424,1456.7272107058811
Nvidia H100 GPU,4,vLLM,Qwen/Qwen2-72B,128,16,"Weight = fp16, KV Cache = fp8",2.798273318912834,1463.7598022738357
Nvidia H100 GPU,4,vLLM,Qwen/Qwen2-72B,256,16,"Weight = fp16, KV Cache = fp16",5.7722969320602715,1419.1924109967915
Nvidia H100 GPU,4,vLLM,Qwen/Qwen2-72B,256,16,"Weight = fp16, KV Cache = fp8",5.764280473347753,1421.1661000670022
Nvidia H100 GPU,4,vLLM,Qwen/Qwen2-72B,512,16,"Weight = fp16, KV Cache = fp16",12.081775974016637,1356.092021176012
Nvidia H100 GPU,4,vLLM,Qwen/Qwen2-72B,512,16,"Weight = fp16, KV Cache = fp8",12.03199191391468,1361.7030427898092
Nvidia H100 GPU,4,vLLM,Qwen/Qwen2-72B,1024,16,"Weight = fp16, KV Cache = fp16",25.27362209931016,1296.5296335935323
Nvidia H100 GPU,4,vLLM,Qwen/Qwen2-72B,1024,16,"Weight = fp16, KV Cache = fp8",25.181991126853973,1301.2473809132725
Nvidia H100 GPU,4,vLLM,Qwen/Qwen2-72B,2048,16,"Weight = fp16, KV Cache = fp16",51.59774294309318,1270.133076795224
Nvidia H100 GPU,4,vLLM,Qwen/Qwen2-72B,2048,16,"Weight = fp16, KV Cache = fp8",56.030559747014195,1169.6474262599588
Nvidia H100 GPU,4,vLLM,Qwen/Qwen2-72B,128,32,"Weight = fp16, KV Cache = fp16",3.3578506419435143,2439.6558613037337
Nvidia H100 GPU,4,vLLM,Qwen/Qwen2-72B,128,32,"Weight = fp16, KV Cache = fp8",3.444611539132893,2378.20721057625
Nvidia H100 GPU,4,vLLM,Qwen/Qwen2-72B,256,32,"Weight = fp16, KV Cache = fp16",6.742824725341052,2429.8421903842827
Nvidia H100 GPU,4,vLLM,Qwen/Qwen2-72B,256,32,"Weight = fp16, KV Cache = fp8",6.972217917907983,2349.8978650564077
Nvidia H100 GPU,4,vLLM,Qwen/Qwen2-72B,512,32,"Weight = fp16, KV Cache = fp16",14.202394494321197,2307.216576268335
Nvidia H100 GPU,4,vLLM,Qwen/Qwen2-72B,512,32,"Weight = fp16, KV Cache = fp8",14.583818363025784,2246.8738422494616
Nvidia H100 GPU,4,vLLM,Qwen/Qwen2-72B,1024,32,"Weight = fp16, KV Cache = fp16",30.59996454883367,2141.7018276414287
Nvidia H100 GPU,4,vLLM,Qwen/Qwen2-72B,1024,32,"Weight = fp16, KV Cache = fp8",32.050203463062644,2044.7920112435233
Nvidia H100 GPU,4,vLLM,Qwen/Qwen2-72B,2048,32,"Weight = fp16, KV Cache = fp16",65.02604578714818,2015.684613962875
Nvidia H100 GPU,4,vLLM,Qwen/Qwen2-72B,2048,32,"Weight = fp16, KV Cache = fp8",76.07940780790523,1722.8314964142062
Nvidia H100 GPU,4,vLLM,Qwen/Qwen2-72B,128,64,"Weight = fp16, KV Cache = fp16",3.8447187491692603,4261.4300470067255
Nvidia H100 GPU,4,vLLM,Qwen/Qwen2-72B,128,64,"Weight = fp16, KV Cache = fp8",3.937005804851651,4161.538187169973
Nvidia H100 GPU,4,vLLM,Qwen/Qwen2-72B,256,64,"Weight = fp16, KV Cache = fp16",7.886267072055489,4155.071049535138
Nvidia H100 GPU,4,vLLM,Qwen/Qwen2-72B,256,64,"Weight = fp16, KV Cache = fp8",8.242900848854333,3975.299545736301
Nvidia H100 GPU,4,vLLM,Qwen/Qwen2-72B,512,64,"Weight = fp16, KV Cache = fp16",16.616495145019144,3944.032687280907
Nvidia H100 GPU,4,vLLM,Qwen/Qwen2-72B,512,64,"Weight = fp16, KV Cache = fp8",18.19702750677243,3601.4673262217866
Nvidia H100 GPU,4,vLLM,Qwen/Qwen2-72B,1024,64,"Weight = fp16, KV Cache = fp16",35.695987154729664,3671.897332096422
Nvidia H100 GPU,4,vLLM,Qwen/Qwen2-72B,1024,64,"Weight = fp16, KV Cache = fp8",42.07695034472272,3115.0546540604746
Nvidia H100 GPU,4,vLLM,Qwen/Qwen2-72B,2048,64,"Weight = fp16, KV Cache = fp16",83.63187834387645,3134.4985332282
Nvidia H100 GPU,4,vLLM,Qwen/Qwen2-72B,2048,64,"Weight = fp16, KV Cache = fp8",108.72641012305394,2411.042539740912
Nvidia H100 GPU,1,vLLM,Qwen/Qwen2-7B,128,1,"Weight = fp16, KV Cache = fp16",1.0380924218334258,246.6061736081898
Nvidia H100 GPU,1,vLLM,Qwen/Qwen2-7B,128,1,"Weight = fp16, KV Cache = fp8",0.9992983737029135,256.1797424440796
Nvidia H100 GPU,1,vLLM,Qwen/Qwen2-7B,256,1,"Weight = fp16, KV Cache = fp16",2.084940921049565,245.5705074569968
Nvidia H100 GPU,1,vLLM,Qwen/Qwen2-7B,256,1,"Weight = fp16, KV Cache = fp8",2.0385641171596944,251.15717268356667
Nvidia H100 GPU,1,vLLM,Qwen/Qwen2-7B,512,1,"Weight = fp16, KV Cache = fp16",4.16321627330035,245.96368114890987
Nvidia H100 GPU,1,vLLM,Qwen/Qwen2-7B,512,1,"Weight = fp16, KV Cache = fp8",4.116794400848448,248.7372213168963
Nvidia H100 GPU,1,vLLM,Qwen/Qwen2-7B,1024,1,"Weight = fp16, KV Cache = fp16",8.337094015907496,245.6491429858338
Nvidia H100 GPU,1,vLLM,Qwen/Qwen2-7B,1024,1,"Weight = fp16, KV Cache = fp8",8.318855004850775,246.18772641256504
Nvidia H100 GPU,1,vLLM,Qwen/Qwen2-7B,2048,1,"Weight = fp16, KV Cache = fp16",16.725925324950367,244.8892913499932
Nvidia H100 GPU,1,vLLM,Qwen/Qwen2-7B,2048,1,"Weight = fp16, KV Cache = fp8",16.728306978940964,244.85442580390222
Nvidia H100 GPU,1,vLLM,Qwen/Qwen2-7B,128,16,"Weight = fp16, KV Cache = fp16",1.1340067307464778,3611.9715068214305
Nvidia H100 GPU,1,vLLM,Qwen/Qwen2-7B,128,16,"Weight = fp16, KV Cache = fp8",1.14260637992993,3584.7865651259413
Nvidia H100 GPU,1,vLLM,Qwen/Qwen2-7B,256,16,"Weight = fp16, KV Cache = fp16",2.3315923758782446,3513.4786357818252
Nvidia H100 GPU,1,vLLM,Qwen/Qwen2-7B,256,16,"Weight = fp16, KV Cache = fp8",2.368680987972766,3458.4648762732363
Nvidia H100 GPU,1,vLLM,Qwen/Qwen2-7B,512,16,"Weight = fp16, KV Cache = fp16",4.879194871056825,3357.931058910802
Nvidia H100 GPU,1,vLLM,Qwen/Qwen2-7B,512,16,"Weight = fp16, KV Cache = fp8",4.993978629820049,3280.7509231553067
Nvidia H100 GPU,1,vLLM,Qwen/Qwen2-7B,1024,16,"Weight = fp16, KV Cache = fp16",10.590250622015446,3094.166622636913
Nvidia H100 GPU,1,vLLM,Qwen/Qwen2-7B,1024,16,"Weight = fp16, KV Cache = fp8",11.044644790235907,2966.8677103105
Nvidia H100 GPU,1,vLLM,Qwen/Qwen2-7B,2048,16,"Weight = fp16, KV Cache = fp16",22.8253900189884,2871.188616951593
Nvidia H100 GPU,1,vLLM,Qwen/Qwen2-7B,2048,16,"Weight = fp16, KV Cache = fp8",25.497373173944652,2570.303989862382
Nvidia H100 GPU,1,vLLM,Qwen/Qwen2-7B,128,32,"Weight = fp16, KV Cache = fp16",1.324154756963253,6186.5880531873045
Nvidia H100 GPU,1,vLLM,Qwen/Qwen2-7B,128,32,"Weight = fp16, KV Cache = fp8",1.3502954170107841,6066.820561485009
Nvidia H100 GPU,1,vLLM,Qwen/Qwen2-7B,256,32,"Weight = fp16, KV Cache = fp16",2.767667015083134,5919.787283192326
Nvidia H100 GPU,1,vLLM,Qwen/Qwen2-7B,256,32,"Weight = fp16, KV Cache = fp8",2.8306043189950287,5788.163287271793
Nvidia H100 GPU,1,vLLM,Qwen/Qwen2-7B,512,32,"Weight = fp16, KV Cache = fp16",5.773823724128306,5675.268516263388
Nvidia H100 GPU,1,vLLM,Qwen/Qwen2-7B,512,32,"Weight = fp16, KV Cache = fp8",6.23501295177266,5255.48226658997
Nvidia H100 GPU,1,vLLM,Qwen/Qwen2-7B,1024,32,"Weight = fp16, KV Cache = fp16",12.632027420215309,5188.082468465934
Nvidia H100 GPU,1,vLLM,Qwen/Qwen2-7B,1024,32,"Weight = fp16, KV Cache = fp8",14.42331798793748,4543.753389810106
Nvidia H100 GPU,1,vLLM,Qwen/Qwen2-7B,2048,32,"Weight = fp16, KV Cache = fp16",29.425922221969813,4454.3038961117
Nvidia H100 GPU,1,vLLM,Qwen/Qwen2-7B,2048,32,"Weight = fp16, KV Cache = fp8",37.28709465218708,3515.210858411892
Nvidia H100 GPU,1,vLLM,Qwen/Qwen2-7B,1024,64,"Weight = fp16, KV Cache = fp16",16.946663083974272,7734.384011206851
Nvidia H100 GPU,1,vLLM,Qwen/Qwen2-7B,1024,64,"Weight = fp16, KV Cache = fp8",20.94568268675357,6257.709617786404
Nvidia H100 GPU,1,vLLM,Qwen/Qwen2-7B,2048,64,"Weight = fp16, KV Cache = fp16",41.34993087127805,6339.647841638523
Nvidia H100 GPU,1,vLLM,Qwen/Qwen2-7B,2048,64,"Weight = fp16, KV Cache = fp8",58.00701020285487,4519.177924931189
Nvidia H100 GPU,1,vLLM,Qwen/Qwen2-7B,128,64,"Weight = fp16, KV Cache = fp16",1.6897588321007788,9696.05821182821
Nvidia H100 GPU,1,vLLM,Qwen/Qwen2-7B,128,64,"Weight = fp16, KV Cache = fp8",1.8350220946595073,8928.502848920787
Nvidia H100 GPU,1,vLLM,Qwen/Qwen2-7B,256,64,"Weight = fp16, KV Cache = fp16",3.5344946486875415,9270.915153929485
Nvidia H100 GPU,1,vLLM,Qwen/Qwen2-7B,256,64,"Weight = fp16, KV Cache = fp8",3.7254084409214556,8795.814075058854
Nvidia H100 GPU,1,vLLM,Qwen/Qwen2-7B,512,64,"Weight = fp16, KV Cache = fp16",7.467085421085358,8776.650634656084
Nvidia H100 GPU,1,vLLM,Qwen/Qwen2-7B,512,64,"Weight = fp16, KV Cache = fp8",8.619242171756923,7603.4526811121395