Hardware,Num of Hardware,Framework,Model,Input Output Length,Batch Size,KV Cache,Latency,Throughput
Habana Gaudi2,1,Deepspeed,meta-llama/Llama-2-7b-hf,128,1,Without KV Cache,1.534201664966531,166.86202723263548
Habana Gaudi2,1,Deepspeed,meta-llama/Llama-2-7b-hf,128,16,Without KV Cache,20.200667578028515,202.7655761463577
Habana Gaudi2,1,Deepspeed,meta-llama/Llama-2-7b-hf,256,1,Without KV Cache,6.245371280936524,81.98071451137538
Habana Gaudi2,1,Deepspeed,meta-llama/Llama-2-7b-hf,256,16,Without KV Cache,87.94468262209557,93.14946345535859
Habana Gaudi2,1,Deepspeed,meta-llama/Llama-2-7b-hf,512,1,Without KV Cache,28.478256306960247,35.95725766923899
Habana Gaudi2,1,Deepspeed,meta-llama/Llama-2-7b-hf,512,16,Without KV Cache,411.90270647092257,39.77638345805964
Habana Gaudi2,1,Deepspeed,meta-llama/Llama-2-7b-hf,1024,1,Without KV Cache,138.51010669698007,14.78592464361052
Habana Gaudi2,1,Deepspeed,meta-llama/Llama-2-7b-hf,1024,16,Without KV Cache,1993.478363265982,16.437600028081114
Habana Gaudi2,1,Deepspeed,meta-llama/Llama-2-7b-hf,2048,1,Without KV Cache,787.0780249059899,5.204058391147732
Habana Gaudi2,2,Deepspeed,meta-llama/Llama-2-7b-hf,128,1,Without KV Cache,1.5268959980458021,167.66040406657794
Habana Gaudi2,2,Deepspeed,meta-llama/Llama-2-7b-hf,128,16,Without KV Cache,18.30404346692376,223.77569237101403
Habana Gaudi2,2,Deepspeed,meta-llama/Llama-2-7b-hf,256,1,Without KV Cache,5.733097248943523,89.3060029802128
Habana Gaudi2,2,Deepspeed,meta-llama/Llama-2-7b-hf,256,16,Without KV Cache,75.84482270199805,108.01000922880647
Habana Gaudi2,2,Deepspeed,meta-llama/Llama-2-7b-hf,512,1,Without KV Cache,23.97767679998651,42.70638930292763
Habana Gaudi2,2,Deepspeed,meta-llama/Llama-2-7b-hf,512,16,Without KV Cache,339.18887845496647,48.303470546058236
Habana Gaudi2,2,Deepspeed,meta-llama/Llama-2-7b-hf,1024,1,Without KV Cache,105.17284073692281,19.47270783645395
Habana Gaudi2,2,Deepspeed,meta-llama/Llama-2-7b-hf,1024,16,Without KV Cache,1577.2726359020453,20.7751020680454
Habana Gaudi2,2,Deepspeed,meta-llama/Llama-2-7b-hf,2048,1,Without KV Cache,536.0559653659584,7.64099322577954
Habana Gaudi2,4,Deepspeed,meta-llama/Llama-2-7b-hf,128,1,Without KV Cache,1.0784294080222026,237.38225060970288
Habana Gaudi2,4,Deepspeed,meta-llama/Llama-2-7b-hf,128,16,Without KV Cache,9.549438841058873,428.9257272782138
Habana Gaudi2,4,Deepspeed,meta-llama/Llama-2-7b-hf,256,1,Without KV Cache,3.3016891620354727,155.07213879708618
Habana Gaudi2,4,Deepspeed,meta-llama/Llama-2-7b-hf,256,16,Without KV Cache,39.17104443605058,209.13407130039647
Habana Gaudi2,4,Deepspeed,meta-llama/Llama-2-7b-hf,512,1,Without KV Cache,12.857240078039467,79.64384220755286
Habana Gaudi2,4,Deepspeed,meta-llama/Llama-2-7b-hf,512,16,Without KV Cache,172.70061278098729,94.86937965169585
Habana Gaudi2,4,Deepspeed,meta-llama/Llama-2-7b-hf,1024,1,Without KV Cache,55.956569775007665,36.59981318073423
Habana Gaudi2,4,Deepspeed,meta-llama/Llama-2-7b-hf,1024,16,Without KV Cache,808.0842146399664,40.55022905576673
Habana Gaudi2,4,Deepspeed,meta-llama/Llama-2-7b-hf,2048,1,Without KV Cache,275.8863988730591,14.846690582541738
Habana Gaudi2,8,Deepspeed,meta-llama/Llama-2-7b-hf,128,1,Without KV Cache,0.8006256299559027,319.7499435711296
Habana Gaudi2,8,Deepspeed,meta-llama/Llama-2-7b-hf,128,16,Without KV Cache,5.236812896095216,782.1551163407321
Habana Gaudi2,8,Deepspeed,meta-llama/Llama-2-7b-hf,256,1,Without KV Cache,2.5244400330120698,202.8172558288502
Habana Gaudi2,8,Deepspeed,meta-llama/Llama-2-7b-hf,256,16,Without KV Cache,20.85309608699754,392.84334402064786
Habana Gaudi2,8,Deepspeed,meta-llama/Llama-2-7b-hf,512,1,Without KV Cache,8.242890881956555,124.22826101477405
Habana Gaudi2,8,Deepspeed,meta-llama/Llama-2-7b-hf,512,16,Without KV Cache,91.14122164493892,179.764981248853
Habana Gaudi2,8,Deepspeed,meta-llama/Llama-2-7b-hf,1024,1,Without KV Cache,33.1552019380033,61.770095800639126
Habana Gaudi2,8,Deepspeed,meta-llama/Llama-2-7b-hf,1024,16,Without KV Cache,434.47343394102063,75.42003133026593
Habana Gaudi2,8,Deepspeed,meta-llama/Llama-2-7b-hf,2048,1,Without KV Cache,154.2095213800203,26.56126524059549
Habana Gaudi2,2,Deepspeed,meta-llama/Llama-2-70b-hf,128,1,Without KV Cache,9.705301844049245,26.37733520436204
Habana Gaudi2,2,Deepspeed,meta-llama/Llama-2-70b-hf,128,16,Without KV Cache,145.45666113705374,28.159590409824016
Habana Gaudi2,2,Deepspeed,meta-llama/Llama-2-70b-hf,128,32,Without KV Cache,284.42484865908045,28.801984209963173
Habana Gaudi2,2,Deepspeed,meta-llama/Llama-2-70b-hf,256,1,Without KV Cache,38.50386579497717,13.297366106724546
Habana Gaudi2,2,Deepspeed,meta-llama/Llama-2-70b-hf,256,16,Without KV Cache,584.0927815160248,14.025169047180304
Habana Gaudi2,2,Deepspeed,meta-llama/Llama-2-70b-hf,512,1,Without KV Cache,164.08856803900562,6.240532245711256
Habana Gaudi2,2,Deepspeed,meta-llama/Llama-2-70b-hf,1024,1,Without KV Cache,721.3381061049877,2.839167905683777
Habana Gaudi2,2,Deepspeed,meta-llama/Llama-2-70b-hf,2048,1,Without KV Cache,3368.4599128359696,1.215985971628055
Habana Gaudi2,4,Deepspeed,meta-llama/Llama-2-70b-hf,128,1,Without KV Cache,5.433902798919007,47.11162666563107
Habana Gaudi2,4,Deepspeed,meta-llama/Llama-2-70b-hf,128,16,Without KV Cache,71.71004025102593,57.11891927074187
Habana Gaudi2,4,Deepspeed,meta-llama/Llama-2-70b-hf,128,32,Without KV Cache,144.7606112489011,56.58997934123593
Habana Gaudi2,4,Deepspeed,meta-llama/Llama-2-70b-hf,128,64,Without KV Cache,281.5889197689248,58.18410757584106
Habana Gaudi2,4,Deepspeed,meta-llama/Llama-2-70b-hf,256,1,Without KV Cache,20.405262675019912,25.091566237311394
Habana Gaudi2,4,Deepspeed,meta-llama/Llama-2-70b-hf,256,16,Without KV Cache,298.34335361700505,27.45829562040919
Habana Gaudi2,4,Deepspeed,meta-llama/Llama-2-70b-hf,256,32,Without KV Cache,577.8627866660245,28.352751514814408
Habana Gaudi2,4,Deepspeed,meta-llama/Llama-2-70b-hf,512,1,Without KV Cache,83.78309321589768,12.222036221094042
Habana Gaudi2,4,Deepspeed,meta-llama/Llama-2-70b-hf,512,16,Without KV Cache,1206.3171138489852,13.581835001680211
Habana Gaudi2,4,Deepspeed,meta-llama/Llama-2-70b-hf,1024,1,Without KV Cache,366.53596843697596,5.587446189069282
Habana Gaudi2,4,Deepspeed,meta-llama/Llama-2-70b-hf,2048,1,Without KV Cache,1771.78838450904,2.3117884933730366
Habana Gaudi2,8,Deepspeed,meta-llama/Llama-2-70b-hf,128,1,Without KV Cache,3.64340532803908,70.26393633172347
Habana Gaudi2,8,Deepspeed,meta-llama/Llama-2-70b-hf,128,16,Without KV Cache,37.37791443709284,109.583428120196
Habana Gaudi2,8,Deepspeed,meta-llama/Llama-2-70b-hf,128,32,Without KV Cache,74.37991621601395,110.13725770016755
Habana Gaudi2,8,Deepspeed,meta-llama/Llama-2-70b-hf,128,64,Without KV Cache,149.44313943898305,109.63367111736508
Habana Gaudi2,8,Deepspeed,meta-llama/Llama-2-70b-hf,256,1,Without KV Cache,11.822802515001968,43.3061449982204
Habana Gaudi2,8,Deepspeed,meta-llama/Llama-2-70b-hf,256,16,Without KV Cache,153.0862124999985,53.51233051114959
Habana Gaudi2,8,Deepspeed,meta-llama/Llama-2-70b-hf,256,32,Without KV Cache,307.95982164295856,53.20174532051531
Habana Gaudi2,8,Deepspeed,meta-llama/Llama-2-70b-hf,512,1,Without KV Cache,46.30637511308305,22.113585818352835
Habana Gaudi2,8,Deepspeed,meta-llama/Llama-2-70b-hf,512,16,Without KV Cache,633.8845260760281,25.846978946501217
Habana Gaudi2,8,Deepspeed,meta-llama/Llama-2-70b-hf,1024,1,Without KV Cache,193.83017088007182,10.565950546817374
Habana Gaudi2,8,Deepspeed,meta-llama/Llama-2-70b-hf,2048,1,Without KV Cache,914.0310992070008,4.481247961424536
Habana Gaudi2,2,Deepspeed,meta-llama/Meta-Llama-3-70B,128,1,Without KV Cache,9.957232525921427,25.70995498333109
Habana Gaudi2,2,Deepspeed,meta-llama/Meta-Llama-3-70B,256,1,Without KV Cache,39.5097805330297,12.958816604207007
Habana Gaudi2,2,Deepspeed,meta-llama/Meta-Llama-3-70B,512,1,Without KV Cache,167.9325136829866,6.097687562356439
Habana Gaudi2,2,Deepspeed,meta-llama/Meta-Llama-3-70B,1024,1,Without KV Cache,737.4848477479536,2.7770062073193054
Habana Gaudi2,2,Deepspeed,meta-llama/Meta-Llama-3-70B,2048,1,Without KV Cache,3453.7646388140274,1.1859522661065018
Habana Gaudi2,4,Deepspeed,meta-llama/Meta-Llama-3-70B,128,1,Without KV Cache,5.565352994017303,45.9988791861356
Habana Gaudi2,4,Deepspeed,meta-llama/Meta-Llama-3-70B,256,1,Without KV Cache,20.929014318971895,24.463646122879197
Habana Gaudi2,4,Deepspeed,meta-llama/Meta-Llama-3-70B,512,1,Without KV Cache,85.83712373697199,11.929570277049487
Habana Gaudi2,4,Deepspeed,meta-llama/Meta-Llama-3-70B,1024,1,Without KV Cache,374.1947478420334,5.473085904627835
Habana Gaudi2,8,Deepspeed,meta-llama/Meta-Llama-3-70B,128,1,Without KV Cache,3.7105078030144796,68.99325202658818
Habana Gaudi2,8,Deepspeed,meta-llama/Meta-Llama-3-70B,256,1,Without KV Cache,12.082275828928687,42.37612244988766
Habana Gaudi2,8,Deepspeed,meta-llama/Meta-Llama-3-70B,512,1,Without KV Cache,47.40989343600813,21.59886736261392
Habana Gaudi2,8,Deepspeed,meta-llama/Meta-Llama-3-70B,1024,1,Without KV Cache,198.13553720293567,10.33635878203103
Habana Gaudi2,1,Deepspeed,mistralai/Mistral-7B-v0.1,128,1,Without KV Cache,1.6759169099386781,152.75220297727472
Habana Gaudi2,1,Deepspeed,mistralai/Mistral-7B-v0.1,128,16,Without KV Cache,21.367013128008693,191.69735963847972
Habana Gaudi2,1,Deepspeed,mistralai/Mistral-7B-v0.1,256,1,Without KV Cache,6.757378957932815,75.76902275089047
Habana Gaudi2,1,Deepspeed,mistralai/Mistral-7B-v0.1,256,16,Without KV Cache,92.82607980584726,88.25106066241497
Habana Gaudi2,1,Deepspeed,mistralai/Mistral-7B-v0.1,512,1,Without KV Cache,30.21622197004035,33.88908120331208
Habana Gaudi2,1,Deepspeed,mistralai/Mistral-7B-v0.1,512,16,Without KV Cache,439.3868176031392,37.28832851512235
Habana Gaudi2,1,Deepspeed,mistralai/Mistral-7B-v0.1,1024,1,Without KV Cache,145.52796531002969,14.07289654354051
Habana Gaudi2,1,Deepspeed,mistralai/Mistral-7B-v0.1,1024,16,Without KV Cache,2100.078099214006,15.603229238124069
Habana Gaudi2,1,Deepspeed,mistralai/Mistral-7B-v0.1,2048,1,Without KV Cache,820.6521213219967,4.991152637736088
Habana Gaudi2,2,Deepspeed,mistralai/Mistral-7B-v0.1,128,1,Without KV Cache,1.5634377161040902,163.7417323140464
Habana Gaudi2,2,Deepspeed,mistralai/Mistral-7B-v0.1,128,16,Without KV Cache,18.12472615391016,225.98962131719404
Habana Gaudi2,2,Deepspeed,mistralai/Mistral-7B-v0.1,256,1,Without KV Cache,5.840640086214989,87.6616248291718
Habana Gaudi2,2,Deepspeed,mistralai/Mistral-7B-v0.1,256,16,Without KV Cache,75.34981213510036,108.71958095014152
Habana Gaudi2,2,Deepspeed,mistralai/Mistral-7B-v0.1,512,1,Without KV Cache,23.7884846071247,43.04603748039124
Habana Gaudi2,2,Deepspeed,mistralai/Mistral-7B-v0.1,512,16,Without KV Cache,336.50118473218754,48.689278800131405
Habana Gaudi2,2,Deepspeed,mistralai/Mistral-7B-v0.1,1024,1,Without KV Cache,104.46798205282539,19.60409265840328
Habana Gaudi2,2,Deepspeed,mistralai/Mistral-7B-v0.1,2048,1,Without KV Cache,533.5652559020091,7.676661766657916
Habana Gaudi2,4,Deepspeed,mistralai/Mistral-7B-v0.1,128,1,Without KV Cache,1.0906521289143711,234.72195506996437
Habana Gaudi2,4,Deepspeed,mistralai/Mistral-7B-v0.1,128,16,Without KV Cache,9.596982940100133,426.80080037292043
Habana Gaudi2,4,Deepspeed,mistralai/Mistral-7B-v0.1,256,1,Without KV Cache,3.3899465538561344,151.03482956614445
Habana Gaudi2,4,Deepspeed,mistralai/Mistral-7B-v0.1,256,16,Without KV Cache,39.24989666696638,208.71392527498236
Habana Gaudi2,4,Deepspeed,mistralai/Mistral-7B-v0.1,512,1,Without KV Cache,13.28276618104428,77.09237564245778
Habana Gaudi2,4,Deepspeed,mistralai/Mistral-7B-v0.1,512,16,Without KV Cache,173.90840005106293,94.21051539309967
Habana Gaudi2,4,Deepspeed,mistralai/Mistral-7B-v0.1,1024,1,Without KV Cache,56.91076591191813,35.98616126814614
Habana Gaudi2,4,Deepspeed,mistralai/Mistral-7B-v0.1,2048,1,Without KV Cache,278.9656409760937,14.682811781652392
Habana Gaudi2,8,Deepspeed,mistralai/Mistral-7B-v0.1,128,1,Without KV Cache,0.8106353508774191,315.8016729999618
Habana Gaudi2,8,Deepspeed,mistralai/Mistral-7B-v0.1,128,16,Without KV Cache,5.6941814629826695,719.3307811891324
Habana Gaudi2,8,Deepspeed,mistralai/Mistral-7B-v0.1,256,1,Without KV Cache,2.5194662360008806,203.21764693012582
Habana Gaudi2,8,Deepspeed,mistralai/Mistral-7B-v0.1,256,16,Without KV Cache,22.186302214162424,369.2368345532908
Habana Gaudi2,8,Deepspeed,mistralai/Mistral-7B-v0.1,512,1,Without KV Cache,8.175537784118205,125.25169928138817
Habana Gaudi2,8,Deepspeed,mistralai/Mistral-7B-v0.1,512,16,Without KV Cache,95.76583275594749,171.08398192237806
Habana Gaudi2,8,Deepspeed,mistralai/Mistral-7B-v0.1,1024,1,Without KV Cache,33.009366371901706,62.0429964309555
Habana Gaudi2,8,Deepspeed,mistralai/Mistral-7B-v0.1,1024,16,Without KV Cache,441.1060646811966,74.28598839075728
Habana Gaudi2,8,Deepspeed,mistralai/Mistral-7B-v0.1,2048,1,Without KV Cache,152.90597743284889,26.787703586008103
Habana Gaudi2,4,Deepspeed,mistralai/Mixtral-8x7B-v0.1,128,1,Without KV Cache,5.253204253036529,48.73216187092352
Habana Gaudi2,4,Deepspeed,mistralai/Mixtral-8x7B-v0.1,128,16,Without KV Cache,50.69063550699502,80.80387943518237
Habana Gaudi2,4,Deepspeed,mistralai/Mixtral-8x7B-v0.1,256,1,Without KV Cache,16.40791719709523,31.20444806307541
Habana Gaudi2,4,Deepspeed,mistralai/Mixtral-8x7B-v0.1,512,1,Without KV Cache,58.56465836800635,17.484947894093878
Habana Gaudi2,4,Deepspeed,mistralai/Mixtral-8x7B-v0.1,1024,1,Without KV Cache,223.60802252101712,9.158884269492194
Habana Gaudi2,8,Deepspeed,mistralai/Mixtral-8x7B-v0.1,128,1,Without KV Cache,3.7787239050958306,67.74773876830986
Habana Gaudi2,8,Deepspeed,mistralai/Mixtral-8x7B-v0.1,128,16,Without KV Cache,27.9841764990706,146.36843075000027
Habana Gaudi2,8,Deepspeed,mistralai/Mixtral-8x7B-v0.1,128,32,Without KV Cache,53.286859455984086,153.73396149883334
Habana Gaudi2,8,Deepspeed,mistralai/Mixtral-8x7B-v0.1,256,1,Without KV Cache,11.60101244901307,44.13407900821254
Habana Gaudi2,8,Deepspeed,mistralai/Mixtral-8x7B-v0.1,256,16,Without KV Cache,107.33684594999067,76.32048368382965
Habana Gaudi2,8,Deepspeed,mistralai/Mixtral-8x7B-v0.1,512,1,Without KV Cache,35.52042706403881,28.828482218241863
Habana Gaudi2,8,Deepspeed,mistralai/Mixtral-8x7B-v0.1,1024,1,Without KV Cache,126.43842039187439,16.197608240063204
Habana Gaudi2,1,Deepspeed,Qwen/Qwen2-7B,128,1,Without KV Cache,1.6426489690784365,155.84583487951284
Habana Gaudi2,1,Deepspeed,Qwen/Qwen2-7B,128,16,Without KV Cache,20.64060555305332,198.4437902982981
Habana Gaudi2,1,Deepspeed,Qwen/Qwen2-7B,256,1,Without KV Cache,6.524386337026954,78.47481334670768
Habana Gaudi2,1,Deepspeed,Qwen/Qwen2-7B,256,16,Without KV Cache,89.83147787093185,91.19297816484895
Habana Gaudi2,1,Deepspeed,Qwen/Qwen2-7B,512,1,Without KV Cache,29.28208383708261,34.97018879179678
Habana Gaudi2,1,Deepspeed,Qwen/Qwen2-7B,512,16,Without KV Cache,418.6093920248095,39.13911228974284
Habana Gaudi2,1,Deepspeed,Qwen/Qwen2-7B,1024,1,Without KV Cache,141.83235308597796,14.439582756964585
Habana Gaudi2,1,Deepspeed,Qwen/Qwen2-7B,1024,16,Without KV Cache,2101.073300047079,15.595838564635399
Habana Gaudi2,1,Deepspeed,Qwen/Qwen2-7B,2048,1,Without KV Cache,1138.6958440060262,3.597097523066329
Habana Gaudi2,2,Deepspeed,Qwen/Qwen2-7B,128,1,Without KV Cache,1.4595105210319161,175.40127070752501
Habana Gaudi2,2,Deepspeed,Qwen/Qwen2-7B,128,16,Without KV Cache,17.081829560920596,239.7869610741657
Habana Gaudi2,2,Deepspeed,Qwen/Qwen2-7B,256,1,Without KV Cache,5.3555341239552945,95.60204232661405
Habana Gaudi2,2,Deepspeed,Qwen/Qwen2-7B,256,16,Without KV Cache,69.46893254201859,117.92321690051926
Habana Gaudi2,2,Deepspeed,Qwen/Qwen2-7B,512,1,Without KV Cache,21.983468466904014,46.580456652762784
Habana Gaudi2,2,Deepspeed,Qwen/Qwen2-7B,512,16,Without KV Cache,311.1355527648702,52.658720144340535
Habana Gaudi2,2,Deepspeed,Qwen/Qwen2-7B,1024,1,Without KV Cache,98.20548442890868,20.854232448520275
Habana Gaudi2,2,Deepspeed,Qwen/Qwen2-7B,1024,16,Without KV Cache,1478.5321095541585,22.162521725605927
Habana Gaudi2,2,Deepspeed,Qwen/Qwen2-7B,2048,1,Without KV Cache,684.4221990171354,5.9846100928375225
Habana Gaudi2,4,Deepspeed,Qwen/Qwen2-7B,128,1,Without KV Cache,1.0481435619294643,244.24135137437187
Habana Gaudi2,4,Deepspeed,Qwen/Qwen2-7B,128,16,Without KV Cache,9.635463115992025,425.0963291221414
Habana Gaudi2,4,Deepspeed,Qwen/Qwen2-7B,256,1,Without KV Cache,3.286434486042708,155.7919387026985
Habana Gaudi2,4,Deepspeed,Qwen/Qwen2-7B,256,16,Without KV Cache,39.08683281810954,209.5846455025263
Habana Gaudi2,4,Deepspeed,Qwen/Qwen2-7B,512,1,Without KV Cache,12.812259424943477,79.9234519093823
Habana Gaudi2,4,Deepspeed,Qwen/Qwen2-7B,512,16,Without KV Cache,172.81508295913227,94.80653956503627
Habana Gaudi2,4,Deepspeed,Qwen/Qwen2-7B,1024,1,Without KV Cache,54.80418734718114,37.369407323313574
Habana Gaudi2,4,Deepspeed,Qwen/Qwen2-7B,1024,16,Without KV Cache,802.6651546789799,40.82399716617239
Habana Gaudi2,4,Deepspeed,Qwen/Qwen2-7B,2048,1,Without KV Cache,360.86871074093506,11.350388321531394
Habana Gaudi2,8,Deepspeed,Qwen/Qwen2-7B,128,1,Without KV Cache,0.9570500829722732,267.4886137671612
Habana Gaudi2,8,Deepspeed,Qwen/Qwen2-7B,128,16,Without KV Cache,8.072098020929843,507.42694023036313
Habana Gaudi2,8,Deepspeed,Qwen/Qwen2-7B,256,1,Without KV Cache,3.168657774105668,161.5826121028512
Habana Gaudi2,8,Deepspeed,Qwen/Qwen2-7B,256,16,Without KV Cache,32.61084865313023,251.20474744878098
Habana Gaudi2,8,Deepspeed,Qwen/Qwen2-7B,512,1,Without KV Cache,11.463518772972748,89.32684808911024
Habana Gaudi2,8,Deepspeed,Qwen/Qwen2-7B,512,16,Without KV Cache,146.4763414519839,111.85424101659997
Habana Gaudi2,8,Deepspeed,Qwen/Qwen2-7B,1024,1,Without KV Cache,48.29044898087159,42.41004263205829
Habana Gaudi2,8,Deepspeed,Qwen/Qwen2-7B,1024,16,Without KV Cache,705.78808904998,46.42753328992429
Habana Gaudi2,8,Deepspeed,Qwen/Qwen2-7B,2048,1,Without KV Cache,338.0442790570669,12.116755862354157
Habana Gaudi2,4,Deepspeed,Qwen/Qwen2-72B,128,1,Without KV Cache,6.199127326020971,41.29613517138686
Habana Gaudi2,4,Deepspeed,Qwen/Qwen2-72B,128,16,Without KV Cache,77.23961999081075,53.029779282799474
Habana Gaudi2,4,Deepspeed,Qwen/Qwen2-72B,128,32,Without KV Cache,155.29537192708813,52.75108909134897
Habana Gaudi2,4,Deepspeed,Qwen/Qwen2-72B,256,1,Without KV Cache,23.487667841138318,21.79867339162721
Habana Gaudi2,4,Deepspeed,Qwen/Qwen2-72B,256,16,Without KV Cache,319.18139276094735,25.665656538241386
Habana Gaudi2,4,Deepspeed,Qwen/Qwen2-72B,512,1,Without KV Cache,95.20520541910082,10.755714411751661
Habana Gaudi2,4,Deepspeed,Qwen/Qwen2-72B,1024,1,Without KV Cache,416.8358361811843,4.913205205105744
Habana Gaudi2,1,Deepspeed,meta-llama/Llama-2-7b-hf,128,1,With KV Cache,0.8777113870019093,291.66762991926765
Habana Gaudi2,1,Deepspeed,meta-llama/Llama-2-7b-hf,128,16,With KV Cache,1.1482974249811375,3567.020103756901
Habana Gaudi2,1,Deepspeed,meta-llama/Llama-2-7b-hf,128,32,With KV Cache,1.460529545991449,5608.924531847823
Habana Gaudi2,1,Deepspeed,meta-llama/Llama-2-7b-hf,128,64,With KV Cache,2.078799073002301,7881.473593471178
Habana Gaudi2,1,Deepspeed,meta-llama/Llama-2-7b-hf,256,1,With KV Cache,1.7747216880088672,288.4959390868963
Habana Gaudi2,1,Deepspeed,meta-llama/Llama-2-7b-hf,256,16,With KV Cache,2.595907139009796,3155.7369202061764
Habana Gaudi2,1,Deepspeed,meta-llama/Llama-2-7b-hf,256,32,With KV Cache,3.5454385500052013,4621.149053613118
Habana Gaudi2,1,Deepspeed,meta-llama/Llama-2-7b-hf,256,64,With KV Cache,5.385028513992438,6085.018847134375
Habana Gaudi2,1,Deepspeed,meta-llama/Llama-2-7b-hf,512,1,With KV Cache,3.630242521001492,282.07481843871534
Habana Gaudi2,1,Deepspeed,meta-llama/Llama-2-7b-hf,512,16,With KV Cache,6.434060447994852,2546.4479440981945
Habana Gaudi2,1,Deepspeed,meta-llama/Llama-2-7b-hf,512,32,With KV Cache,9.58790463299374,3417.639333545235
Habana Gaudi2,1,Deepspeed,meta-llama/Llama-2-7b-hf,512,64,With KV Cache,15.783461042999988,4152.194491528549
Habana Gaudi2,1,Deepspeed,meta-llama/Llama-2-7b-hf,1024,1,With KV Cache,7.533209580986295,271.8628730533557
Habana Gaudi2,1,Deepspeed,meta-llama/Llama-2-7b-hf,1024,16,With KV Cache,17.7877031310054,1842.171513582478
Habana Gaudi2,1,Deepspeed,meta-llama/Llama-2-7b-hf,1024,32,With KV Cache,29.0349098109873,2257.144948154792
Habana Gaudi2,1,Deepspeed,meta-llama/Llama-2-7b-hf,2048,1,With KV Cache,16.222086091001984,252.49526953700217
Habana Gaudi2,1,Deepspeed,meta-llama/Llama-2-7b-hf,2048,16,With KV Cache,55.838659978995565,1173.6671335711176
Habana Gaudi2,2,Deepspeed,meta-llama/Llama-2-7b-hf,128,1,With KV Cache,0.7460851239738986,343.12438590982555
Habana Gaudi2,2,Deepspeed,meta-llama/Llama-2-7b-hf,128,16,With KV Cache,0.9784038990037516,4186.410136111175
Habana Gaudi2,2,Deepspeed,meta-llama/Llama-2-7b-hf,128,32,With KV Cache,1.2203128650144208,6713.032563090444
Habana Gaudi2,2,Deepspeed,meta-llama/Llama-2-7b-hf,128,64,With KV Cache,1.7350622350058984,9442.888946254025
Habana Gaudi2,2,Deepspeed,meta-llama/Llama-2-7b-hf,256,1,With KV Cache,1.4995169390167575,341.4432919548888
Habana Gaudi2,2,Deepspeed,meta-llama/Llama-2-7b-hf,256,16,With KV Cache,2.0884168710035738,3922.588499327432
Habana Gaudi2,2,Deepspeed,meta-llama/Llama-2-7b-hf,256,32,With KV Cache,2.7398819150112104,5979.819754360824
Habana Gaudi2,2,Deepspeed,meta-llama/Llama-2-7b-hf,256,64,With KV Cache,4.081188307987759,8029.03407712553
Habana Gaudi2,2,Deepspeed,meta-llama/Llama-2-7b-hf,512,1,With KV Cache,3.0354622199956798,337.3456580202331
Habana Gaudi2,2,Deepspeed,meta-llama/Llama-2-7b-hf,512,16,With KV Cache,4.791830102010863,3419.15294390854
Habana Gaudi2,2,Deepspeed,meta-llama/Llama-2-7b-hf,512,32,With KV Cache,6.769334090000484,4840.653388404066
Habana Gaudi2,2,Deepspeed,meta-llama/Llama-2-7b-hf,512,64,With KV Cache,10.730044634983642,6107.709914489084
Habana Gaudi2,2,Deepspeed,meta-llama/Llama-2-7b-hf,1024,1,With KV Cache,6.182380885002203,331.2639641740983
Habana Gaudi2,2,Deepspeed,meta-llama/Llama-2-7b-hf,1024,16,With KV Cache,12.087022633990273,2711.006754289691
Habana Gaudi2,2,Deepspeed,meta-llama/Llama-2-7b-hf,1024,32,With KV Cache,18.435806252004117,3554.821476433977
Habana Gaudi2,2,Deepspeed,meta-llama/Llama-2-7b-hf,2048,1,With KV Cache,12.967960071982816,315.85538336514304
Habana Gaudi2,2,Deepspeed,meta-llama/Llama-2-7b-hf,2048,16,With KV Cache,34.178698654985055,1917.4515876555
Habana Gaudi2,4,Deepspeed,meta-llama/Llama-2-7b-hf,128,1,With KV Cache,0.6663677709875628,384.17224113436
Habana Gaudi2,4,Deepspeed,meta-llama/Llama-2-7b-hf,128,16,With KV Cache,0.6784822850022465,6037.003604281927
Habana Gaudi2,4,Deepspeed,meta-llama/Llama-2-7b-hf,128,32,With KV Cache,0.8087090690096375,10129.72441378962
Habana Gaudi2,4,Deepspeed,meta-llama/Llama-2-7b-hf,128,64,With KV Cache,1.0779789820080623,15198.812104369455
Habana Gaudi2,4,Deepspeed,meta-llama/Llama-2-7b-hf,256,1,With KV Cache,1.3781985270034056,371.4994537929402
Habana Gaudi2,4,Deepspeed,meta-llama/Llama-2-7b-hf,256,16,With KV Cache,1.5347581609967165,5337.648763294327
Habana Gaudi2,4,Deepspeed,meta-llama/Llama-2-7b-hf,256,32,With KV Cache,1.7536183100019116,9342.968139960936
Habana Gaudi2,4,Deepspeed,meta-llama/Llama-2-7b-hf,256,64,With KV Cache,2.442819633986801,13414.0071350749
Habana Gaudi2,4,Deepspeed,meta-llama/Llama-2-7b-hf,512,1,With KV Cache,2.699620083993068,379.3126322002239
Habana Gaudi2,4,Deepspeed,meta-llama/Llama-2-7b-hf,512,16,With KV Cache,3.233200800983468,5067.424205454963
Habana Gaudi2,4,Deepspeed,meta-llama/Llama-2-7b-hf,512,32,With KV Cache,4.124917667009868,7943.91613245298
Habana Gaudi2,4,Deepspeed,meta-llama/Llama-2-7b-hf,512,64,With KV Cache,6.194008774997201,10580.546844644989
Habana Gaudi2,4,Deepspeed,meta-llama/Llama-2-7b-hf,1024,1,With KV Cache,4.864044010988437,421.0488217979384
Habana Gaudi2,4,Deepspeed,meta-llama/Llama-2-7b-hf,1024,16,With KV Cache,7.436832564009819,4406.1769198057655
Habana Gaudi2,4,Deepspeed,meta-llama/Llama-2-7b-hf,1024,32,With KV Cache,10.790548585006036,6073.463224202084
Habana Gaudi2,4,Deepspeed,meta-llama/Llama-2-7b-hf,2048,1,With KV Cache,10.149865932005923,403.5521284161933
Habana Gaudi2,4,Deepspeed,meta-llama/Llama-2-7b-hf,2048,16,With KV Cache,19.97905493498547,3280.235237015112
Habana Gaudi2,8,Deepspeed,meta-llama/Llama-2-7b-hf,128,1,With KV Cache,0.7855869259801693,325.87100362011654
Habana Gaudi2,8,Deepspeed,meta-llama/Llama-2-7b-hf,128,16,With KV Cache,0.7431073850020766,5511.989360714742
Habana Gaudi2,8,Deepspeed,meta-llama/Llama-2-7b-hf,128,32,With KV Cache,0.8058245169813745,10165.98505923759
Habana Gaudi2,8,Deepspeed,meta-llama/Llama-2-7b-hf,128,64,With KV Cache,0.8766704800073057,18688.8920907471
Habana Gaudi2,8,Deepspeed,meta-llama/Llama-2-7b-hf,256,1,With KV Cache,1.3216128510248382,387.4054339006859
Habana Gaudi2,8,Deepspeed,meta-llama/Llama-2-7b-hf,256,16,With KV Cache,1.4749443260079715,5554.1079453298125
Habana Gaudi2,8,Deepspeed,meta-llama/Llama-2-7b-hf,256,32,With KV Cache,1.663009366980987,9852.01907175266
Habana Gaudi2,8,Deepspeed,meta-llama/Llama-2-7b-hf,256,64,With KV Cache,1.7397007640101947,18835.423124414963
Habana Gaudi2,8,Deepspeed,meta-llama/Llama-2-7b-hf,512,1,With KV Cache,2.6557701929996256,385.5755301039123
Habana Gaudi2,8,Deepspeed,meta-llama/Llama-2-7b-hf,512,16,With KV Cache,2.709615596017102,6046.614148546772
Habana Gaudi2,8,Deepspeed,meta-llama/Llama-2-7b-hf,512,32,With KV Cache,3.122114761004923,10495.450202302263
Habana Gaudi2,8,Deepspeed,meta-llama/Llama-2-7b-hf,512,64,With KV Cache,4.107977740990464,15953.348370431722
Habana Gaudi2,8,Deepspeed,meta-llama/Llama-2-7b-hf,1024,1,With KV Cache,5.293848650995642,386.8641011515926
Habana Gaudi2,8,Deepspeed,meta-llama/Llama-2-7b-hf,1024,16,With KV Cache,5.54606473702006,5908.333485772919
Habana Gaudi2,8,Deepspeed,meta-llama/Llama-2-7b-hf,1024,32,With KV Cache,7.17319497599965,9136.235696823083
Habana Gaudi2,8,Deepspeed,meta-llama/Llama-2-7b-hf,2048,1,With KV Cache,10.470201304007787,391.2054678864801
Habana Gaudi2,8,Deepspeed,meta-llama/Llama-2-7b-hf,2048,16,With KV Cache,13.323907484998928,4918.677202899033
Habana Gaudi2,2,Deepspeed,meta-llama/Llama-2-70b-hf,128,1,With KV Cache,4.689688478014432,54.58784761506971
Habana Gaudi2,2,Deepspeed,meta-llama/Llama-2-70b-hf,128,16,With KV Cache,6.023873767990153,679.9611276327621
Habana Gaudi2,2,Deepspeed,meta-llama/Llama-2-70b-hf,128,32,With KV Cache,7.348729651013855,1114.7504928106594
Habana Gaudi2,2,Deepspeed,meta-llama/Llama-2-70b-hf,256,1,With KV Cache,9.492731444974195,53.93600387495126
Habana Gaudi2,2,Deepspeed,meta-llama/Llama-2-70b-hf,256,16,With KV Cache,12.229338578006718,669.8645186529154
Habana Gaudi2,2,Deepspeed,meta-llama/Llama-2-70b-hf,512,1,With KV Cache,19.0597861680144,53.725681441193096
Habana Gaudi2,2,Deepspeed,meta-llama/Llama-2-70b-hf,1024,1,With KV Cache,38.37873875800869,53.36287919499786
Habana Gaudi2,2,Deepspeed,meta-llama/Llama-2-70b-hf,2048,1,With KV Cache,77.62024587200722,52.76973750835762
Habana Gaudi2,4,Deepspeed,meta-llama/Llama-2-70b-hf,128,1,With KV Cache,2.8506529239821248,89.80398765711166
Habana Gaudi2,4,Deepspeed,meta-llama/Llama-2-70b-hf,128,16,With KV Cache,3.5145626179873943,1165.4366261784132
Habana Gaudi2,4,Deepspeed,meta-llama/Llama-2-70b-hf,128,32,With KV Cache,4.222568937984761,1940.0512153413572
Habana Gaudi2,4,Deepspeed,meta-llama/Llama-2-70b-hf,128,64,With KV Cache,5.560280664009042,2946.613847400088
Habana Gaudi2,4,Deepspeed,meta-llama/Llama-2-70b-hf,256,1,With KV Cache,5.734352653991664,89.28645147828473
Habana Gaudi2,4,Deepspeed,meta-llama/Llama-2-70b-hf,256,16,With KV Cache,7.2012711630086415,1137.5769380940017
Habana Gaudi2,4,Deepspeed,meta-llama/Llama-2-70b-hf,256,32,With KV Cache,8.645484917040449,1895.0932373621704
Habana Gaudi2,4,Deepspeed,meta-llama/Llama-2-70b-hf,512,1,With KV Cache,11.522934691020057,88.86625043514428
Habana Gaudi2,4,Deepspeed,meta-llama/Llama-2-70b-hf,512,16,With KV Cache,14.618711711023934,1120.7553937632456
Habana Gaudi2,4,Deepspeed,meta-llama/Llama-2-70b-hf,1024,1,With KV Cache,23.230904089985412,88.15842862021329
Habana Gaudi2,4,Deepspeed,meta-llama/Llama-2-70b-hf,2048,1,With KV Cache,47.18836719397223,86.80105380978762
Habana Gaudi2,8,Deepspeed,meta-llama/Llama-2-70b-hf,128,1,With KV Cache,1.9440536980109755,131.68360537670432
Habana Gaudi2,8,Deepspeed,meta-llama/Llama-2-70b-hf,128,16,With KV Cache,2.297738557041157,1782.6223037639668
Habana Gaudi2,8,Deepspeed,meta-llama/Llama-2-70b-hf,128,32,With KV Cache,2.6686701960279606,3069.693666978012
Habana Gaudi2,8,Deepspeed,meta-llama/Llama-2-70b-hf,128,64,With KV Cache,3.4385480990167707,4764.8017501005415
Habana Gaudi2,8,Deepspeed,meta-llama/Llama-2-70b-hf,256,1,With KV Cache,3.904857583984267,131.1187383888116
Habana Gaudi2,8,Deepspeed,meta-llama/Llama-2-70b-hf,256,16,With KV Cache,4.733451503037941,1730.6610186546443
Habana Gaudi2,8,Deepspeed,meta-llama/Llama-2-70b-hf,256,32,With KV Cache,5.503814313036855,2976.844615050204
Habana Gaudi2,8,Deepspeed,meta-llama/Llama-2-70b-hf,512,1,With KV Cache,7.838541050994536,130.6365551112445
Habana Gaudi2,8,Deepspeed,meta-llama/Llama-2-70b-hf,512,16,With KV Cache,9.59425048995763,1707.6894143163397
Habana Gaudi2,8,Deepspeed,meta-llama/Llama-2-70b-hf,1024,1,With KV Cache,15.833458971988875,129.34634204838858
Habana Gaudi2,8,Deepspeed,meta-llama/Llama-2-70b-hf,2048,1,With KV Cache,32.16873521299567,127.32859942672783
Habana Gaudi2,1,Deepspeed,meta-llama/Meta-Llama-3-8B,128,1,With KV Cache,0.957582639006432,267.3398509664088
Habana Gaudi2,1,Deepspeed,meta-llama/Meta-Llama-3-8B,128,16,With KV Cache,1.180127037980128,3470.812775386112
Habana Gaudi2,1,Deepspeed,meta-llama/Meta-Llama-3-8B,128,32,With KV Cache,1.3946061419555915,5874.0598894199165
Habana Gaudi2,1,Deepspeed,meta-llama/Meta-Llama-3-8B,128,64,With KV Cache,1.845794152992312,8876.39608860991
Habana Gaudi2,1,Deepspeed,meta-llama/Meta-Llama-3-8B,256,1,With KV Cache,1.9579914230271245,261.4924631326677
Habana Gaudi2,1,Deepspeed,meta-llama/Meta-Llama-3-8B,256,16,With KV Cache,2.468113020993769,3319.134873613505
Habana Gaudi2,1,Deepspeed,meta-llama/Meta-Llama-3-8B,256,32,With KV Cache,2.989607352996245,5480.318337984961
Habana Gaudi2,1,Deepspeed,meta-llama/Meta-Llama-3-8B,256,64,With KV Cache,4.07221373799257,8046.728906757543
Habana Gaudi2,1,Deepspeed,meta-llama/Meta-Llama-3-8B,512,1,With KV Cache,3.950534044997767,259.20546142276794
Habana Gaudi2,1,Deepspeed,meta-llama/Meta-Llama-3-8B,512,16,With KV Cache,5.364247567020357,3054.2960210728515
Habana Gaudi2,1,Deepspeed,meta-llama/Meta-Llama-3-8B,512,32,With KV Cache,6.837148190010339,4792.641477023543
Habana Gaudi2,1,Deepspeed,meta-llama/Meta-Llama-3-8B,1024,1,With KV Cache,8.028635833004955,255.0869216885972
Habana Gaudi2,1,Deepspeed,meta-llama/Meta-Llama-3-8B,1024,16,With KV Cache,12.298001794028096,2664.497903709213
Habana Gaudi2,1,Deepspeed,meta-llama/Meta-Llama-3-8B,1024,32,With KV Cache,16.69220841798233,3926.143165657985
Habana Gaudi2,1,Deepspeed,meta-llama/Meta-Llama-3-8B,2048,1,With KV Cache,16.56315507303225,247.29587943477108
Habana Gaudi2,1,Deepspeed,meta-llama/Meta-Llama-3-8B,2048,16,With KV Cache,31.78949856798863,2061.561300183369
Habana Gaudi2,2,Deepspeed,meta-llama/Meta-Llama-3-8B,128,1,With KV Cache,0.7744644079939462,330.5510199792178
Habana Gaudi2,2,Deepspeed,meta-llama/Meta-Llama-3-8B,128,16,With KV Cache,1.0088691209675744,4059.991444749202
Habana Gaudi2,2,Deepspeed,meta-llama/Meta-Llama-3-8B,128,32,With KV Cache,1.2598327279556545,6502.450538249834
Habana Gaudi2,2,Deepspeed,meta-llama/Meta-Llama-3-8B,128,64,With KV Cache,1.7503474039840512,9360.427514393758
Habana Gaudi2,2,Deepspeed,meta-llama/Meta-Llama-3-8B,256,1,With KV Cache,1.5794881469919346,324.15564559637966
Habana Gaudi2,2,Deepspeed,meta-llama/Meta-Llama-3-8B,256,16,With KV Cache,2.0968999110045843,3906.719608793999
Habana Gaudi2,2,Deepspeed,meta-llama/Meta-Llama-3-8B,256,32,With KV Cache,2.597347577975597,6307.973618521199
Habana Gaudi2,2,Deepspeed,meta-llama/Meta-Llama-3-8B,256,64,With KV Cache,3.687404615979176,8886.467153076062
Habana Gaudi2,2,Deepspeed,meta-llama/Meta-Llama-3-8B,512,1,With KV Cache,3.1771488680387847,322.30154850506034
Habana Gaudi2,2,Deepspeed,meta-llama/Meta-Llama-3-8B,512,16,With KV Cache,4.404015982989222,3720.240812768208
Habana Gaudi2,2,Deepspeed,meta-llama/Meta-Llama-3-8B,512,32,With KV Cache,5.622552897024434,5827.95761998815
Habana Gaudi2,2,Deepspeed,meta-llama/Meta-Llama-3-8B,1024,1,With KV Cache,6.449297008977737,317.5539903262454
Habana Gaudi2,2,Deepspeed,meta-llama/Meta-Llama-3-8B,1024,16,With KV Cache,9.70918826397974,3374.9474321727266
Habana Gaudi2,2,Deepspeed,meta-llama/Meta-Llama-3-8B,2048,1,With KV Cache,13.242408641963266,309.30928887214463
Habana Gaudi2,4,Deepspeed,meta-llama/Meta-Llama-3-8B,128,1,With KV Cache,0.7208225460490212,355.1498234942697
Habana Gaudi2,4,Deepspeed,meta-llama/Meta-Llama-3-8B,128,16,With KV Cache,0.7723298689816147,5303.433370252712
Habana Gaudi2,4,Deepspeed,meta-llama/Meta-Llama-3-8B,128,32,With KV Cache,0.8742481000372209,9370.337779002582
Habana Gaudi2,4,Deepspeed,meta-llama/Meta-Llama-3-8B,128,64,With KV Cache,1.0965639110072516,14941.217593920665
Habana Gaudi2,4,Deepspeed,meta-llama/Meta-Llama-3-8B,256,1,With KV Cache,1.322580181993544,387.1220867896682
Habana Gaudi2,4,Deepspeed,meta-llama/Meta-Llama-3-8B,256,16,With KV Cache,1.6548405620269475,4950.325842850956
Habana Gaudi2,4,Deepspeed,meta-llama/Meta-Llama-3-8B,256,32,With KV Cache,1.7531979440245775,9345.208312524872
Habana Gaudi2,4,Deepspeed,meta-llama/Meta-Llama-3-8B,256,64,With KV Cache,2.3198312540189363,14125.165329690191
Habana Gaudi2,4,Deepspeed,meta-llama/Meta-Llama-3-8B,512,1,With KV Cache,2.583428571990225,396.3724838775509
Habana Gaudi2,4,Deepspeed,meta-llama/Meta-Llama-3-8B,512,16,With KV Cache,3.0210309170070104,5423.314242752577
Habana Gaudi2,4,Deepspeed,meta-llama/Meta-Llama-3-8B,512,32,With KV Cache,3.634735201951116,9015.237198685129
Habana Gaudi2,4,Deepspeed,meta-llama/Meta-Llama-3-8B,512,64,With KV Cache,5.003263340971898,13098.650927150567
Habana Gaudi2,4,Deepspeed,meta-llama/Meta-Llama-3-8B,1024,1,With KV Cache,4.853254946996458,421.9848374681922
Habana Gaudi2,4,Deepspeed,meta-llama/Meta-Llama-3-8B,1024,16,With KV Cache,6.513865042012185,5030.500292630825
Habana Gaudi2,4,Deepspeed,meta-llama/Meta-Llama-3-8B,1024,32,With KV Cache,8.081986035045702,8108.897951050395
Habana Gaudi2,4,Deepspeed,meta-llama/Meta-Llama-3-8B,2048,1,With KV Cache,10.363150973978918,395.2465818827443
Habana Gaudi2,4,Deepspeed,meta-llama/Meta-Llama-3-8B,2048,16,With KV Cache,14.645790409005713,4474.73288704868
Habana Gaudi2,8,Deepspeed,meta-llama/Meta-Llama-3-8B,128,1,With KV Cache,0.6483861790038645,394.82642951042016
Habana Gaudi2,8,Deepspeed,meta-llama/Meta-Llama-3-8B,128,16,With KV Cache,0.853472240967676,4799.218771727023
Habana Gaudi2,8,Deepspeed,meta-llama/Meta-Llama-3-8B,128,32,With KV Cache,0.8235389899928123,9947.312877161408
Habana Gaudi2,8,Deepspeed,meta-llama/Meta-Llama-3-8B,128,64,With KV Cache,0.9008609949960372,18187.04560526796
Habana Gaudi2,8,Deepspeed,meta-llama/Meta-Llama-3-8B,256,1,With KV Cache,1.301023624953814,393.5362818781834
Habana Gaudi2,8,Deepspeed,meta-llama/Meta-Llama-3-8B,256,16,With KV Cache,1.6386629579938017,4999.197644663538
Habana Gaudi2,8,Deepspeed,meta-llama/Meta-Llama-3-8B,256,32,With KV Cache,1.677860635041725,9764.815776605048
Habana Gaudi2,8,Deepspeed,meta-llama/Meta-Llama-3-8B,512,1,With KV Cache,2.926498935034033,349.9061584275245
Habana Gaudi2,8,Deepspeed,meta-llama/Meta-Llama-3-8B,512,16,With KV Cache,2.8855072910082527,5678.0310523059225
Habana Gaudi2,8,Deepspeed,meta-llama/Meta-Llama-3-8B,512,32,With KV Cache,2.9308496009907685,11180.37581625575
Habana Gaudi2,8,Deepspeed,meta-llama/Meta-Llama-3-8B,512,64,With KV Cache,3.625868193048518,18074.56766510295
Habana Gaudi2,8,Deepspeed,meta-llama/Meta-Llama-3-8B,1024,1,With KV Cache,5.455621491011698,375.3926117077848
Habana Gaudi2,8,Deepspeed,meta-llama/Meta-Llama-3-8B,1024,16,With KV Cache,5.774919544986915,5674.191604702996
Habana Gaudi2,8,Deepspeed,meta-llama/Meta-Llama-3-8B,1024,32,With KV Cache,6.345801787974779,10327.45777282076
Habana Gaudi2,8,Deepspeed,meta-llama/Meta-Llama-3-8B,2048,1,With KV Cache,10.45606975100236,391.7341886139714
Habana Gaudi2,8,Deepspeed,meta-llama/Meta-Llama-3-8B,2048,16,With KV Cache,12.168518510996364,5385.700809903595
Habana Gaudi2,2,Deepspeed,meta-llama/Meta-Llama-3-70B,128,1,With KV Cache,4.734942456008866,54.06612696530744
Habana Gaudi2,2,Deepspeed,meta-llama/Meta-Llama-3-70B,128,16,With KV Cache,6.110872306977399,670.2807380417987
Habana Gaudi2,2,Deepspeed,meta-llama/Meta-Llama-3-70B,256,1,With KV Cache,9.575207257003058,53.47142743312804
Habana Gaudi2,2,Deepspeed,meta-llama/Meta-Llama-3-70B,512,1,With KV Cache,19.238010796019807,53.2279564065874
Habana Gaudi2,2,Deepspeed,meta-llama/Meta-Llama-3-70B,1024,1,With KV Cache,38.74150891898898,52.8631965337876
Habana Gaudi2,2,Deepspeed,meta-llama/Meta-Llama-3-70B,2048,1,With KV Cache,78.29392685001949,52.31567970586445
Habana Gaudi2,4,Deepspeed,meta-llama/Meta-Llama-3-70B,128,1,With KV Cache,2.874648729048204,89.05435902937664
Habana Gaudi2,4,Deepspeed,meta-llama/Meta-Llama-3-70B,128,16,With KV Cache,3.5579076189897023,1151.2384352360148
Habana Gaudi2,4,Deepspeed,meta-llama/Meta-Llama-3-70B,128,32,With KV Cache,4.288846349983942,1910.0707583125877
Habana Gaudi2,4,Deepspeed,meta-llama/Meta-Llama-3-70B,128,64,With KV Cache,5.674213642021641,2887.4485582750485
Habana Gaudi2,4,Deepspeed,meta-llama/Meta-Llama-3-70B,256,1,With KV Cache,5.782684859004803,88.54018721125932
Habana Gaudi2,4,Deepspeed,meta-llama/Meta-Llama-3-70B,256,16,With KV Cache,7.283149068010971,1124.7881820764703
Habana Gaudi2,4,Deepspeed,meta-llama/Meta-Llama-3-70B,256,32,With KV Cache,8.773499139992055,1867.4419109836304
Habana Gaudi2,4,Deepspeed,meta-llama/Meta-Llama-3-70B,512,1,With KV Cache,11.615159466047771,88.16064927849251
Habana Gaudi2,4,Deepspeed,meta-llama/Meta-Llama-3-70B,512,16,With KV Cache,14.792722709011286,1107.5716298000607
Habana Gaudi2,4,Deepspeed,meta-llama/Meta-Llama-3-70B,1024,1,With KV Cache,23.400153185008094,87.52079457805019
Habana Gaudi2,4,Deepspeed,meta-llama/Meta-Llama-3-70B,2048,1,With KV Cache,47.57884146500146,86.0886871953992
Habana Gaudi2,8,Deepspeed,meta-llama/Meta-Llama-3-70B,128,1,With KV Cache,1.9617090619867668,130.49845410854655
Habana Gaudi2,8,Deepspeed,meta-llama/Meta-Llama-3-70B,128,16,With KV Cache,2.3396886760019697,1750.660266048384
Habana Gaudi2,8,Deepspeed,meta-llama/Meta-Llama-3-70B,128,32,With KV Cache,2.7063557489891537,3026.9486940361703
Habana Gaudi2,8,Deepspeed,meta-llama/Meta-Llama-3-70B,128,64,With KV Cache,3.4881671970360912,4697.022554974299
Habana Gaudi2,8,Deepspeed,meta-llama/Meta-Llama-3-70B,256,1,With KV Cache,3.926349244022276,130.40103367765906
Habana Gaudi2,8,Deepspeed,meta-llama/Meta-Llama-3-70B,256,16,With KV Cache,4.775029212003574,1715.591598771117
Habana Gaudi2,8,Deepspeed,meta-llama/Meta-Llama-3-70B,256,32,With KV Cache,5.572651671012864,2940.0725125570443
Habana Gaudi2,8,Deepspeed,meta-llama/Meta-Llama-3-70B,512,1,With KV Cache,7.892517630010843,129.7431374883851
Habana Gaudi2,8,Deepspeed,meta-llama/Meta-Llama-3-70B,512,16,With KV Cache,9.68043505802052,1692.4859163664737
Habana Gaudi2,8,Deepspeed,meta-llama/Meta-Llama-3-70B,1024,1,With KV Cache,15.884663343022112,128.92939282214343
Habana Gaudi2,8,Deepspeed,meta-llama/Meta-Llama-3-70B,2048,1,With KV Cache,32.39820735901594,126.42674807932372
Habana Gaudi2,1,Deepspeed,mistralai/Mistral-7B-v0.1,128,1,With KV Cache,0.9189981239615008,278.56422480654
Habana Gaudi2,1,Deepspeed,mistralai/Mistral-7B-v0.1,128,16,With KV Cache,1.1335245739901438,3613.507897390864
Habana Gaudi2,1,Deepspeed,mistralai/Mistral-7B-v0.1,128,32,With KV Cache,1.3402350319665857,6112.360746144293
Habana Gaudi2,1,Deepspeed,mistralai/Mistral-7B-v0.1,128,64,With KV Cache,1.7758654649951495,9225.924104585676
Habana Gaudi2,1,Deepspeed,mistralai/Mistral-7B-v0.1,256,1,With KV Cache,1.88193318300182,272.060668585121
Habana Gaudi2,1,Deepspeed,mistralai/Mistral-7B-v0.1,256,16,With KV Cache,2.3739027379779145,3450.8574715145783
Habana Gaudi2,1,Deepspeed,mistralai/Mistral-7B-v0.1,256,32,With KV Cache,2.879130802000873,5690.606341543712
Habana Gaudi2,1,Deepspeed,mistralai/Mistral-7B-v0.1,256,64,With KV Cache,3.923696284997277,8351.308974981672
Habana Gaudi2,1,Deepspeed,mistralai/Mistral-7B-v0.1,512,1,With KV Cache,3.794518879032694,269.8629345760536
Habana Gaudi2,1,Deepspeed,mistralai/Mistral-7B-v0.1,512,16,With KV Cache,5.17405101202894,3166.571021798878
Habana Gaudi2,1,Deepspeed,mistralai/Mistral-7B-v0.1,512,32,With KV Cache,6.603879793954548,4961.931625405587
Habana Gaudi2,1,Deepspeed,mistralai/Mistral-7B-v0.1,512,64,With KV Cache,9.552174950949848,6860.845863536371
Habana Gaudi2,1,Deepspeed,mistralai/Mistral-7B-v0.1,1024,1,With KV Cache,7.717790350026917,265.36092678299525
Habana Gaudi2,1,Deepspeed,mistralai/Mistral-7B-v0.1,1024,16,With KV Cache,11.893040701979771,2755.224742024576
Habana Gaudi2,1,Deepspeed,mistralai/Mistral-7B-v0.1,1024,32,With KV Cache,16.212937028030865,4042.2040674489463
Habana Gaudi2,1,Deepspeed,mistralai/Mistral-7B-v0.1,2048,1,With KV Cache,15.938121835002676,256.99389441261053
Habana Gaudi2,1,Deepspeed,mistralai/Mistral-7B-v0.1,2048,16,With KV Cache,30.9686527440208,2116.204425865869
Habana Gaudi2,2,Deepspeed,mistralai/Mistral-7B-v0.1,128,1,With KV Cache,0.760120477003511,336.7887167165706
Habana Gaudi2,2,Deepspeed,mistralai/Mistral-7B-v0.1,128,16,With KV Cache,0.9667620880063624,4236.823155163946
Habana Gaudi2,2,Deepspeed,mistralai/Mistral-7B-v0.1,128,32,With KV Cache,1.166484639979899,7022.810004717393
Habana Gaudi2,2,Deepspeed,mistralai/Mistral-7B-v0.1,128,64,With KV Cache,1.5783024989650585,10380.773020852146
Habana Gaudi2,2,Deepspeed,mistralai/Mistral-7B-v0.1,256,1,With KV Cache,1.5563811280298978,328.96826540688085
Habana Gaudi2,2,Deepspeed,mistralai/Mistral-7B-v0.1,256,16,With KV Cache,2.006650987023022,4082.423925723768
Habana Gaudi2,2,Deepspeed,mistralai/Mistral-7B-v0.1,256,32,With KV Cache,2.4245781040517613,6757.464307963669
Habana Gaudi2,2,Deepspeed,mistralai/Mistral-7B-v0.1,512,1,With KV Cache,3.131939690967556,326.95393303810835
Habana Gaudi2,2,Deepspeed,mistralai/Mistral-7B-v0.1,512,16,With KV Cache,4.235447223996744,3868.3046048061433
Habana Gaudi2,2,Deepspeed,mistralai/Mistral-7B-v0.1,1024,1,With KV Cache,6.349266319011804,322.5569533707557
Habana Gaudi2,2,Deepspeed,mistralai/Mistral-7B-v0.1,2048,1,With KV Cache,13.024504002009053,314.4841446068261
Habana Gaudi2,4,Deepspeed,mistralai/Mistral-7B-v0.1,128,1,With KV Cache,0.7869167950120755,325.32029005184927
Habana Gaudi2,4,Deepspeed,mistralai/Mistral-7B-v0.1,128,16,With KV Cache,0.7999928849749267,5120.045536565462
Habana Gaudi2,4,Deepspeed,mistralai/Mistral-7B-v0.1,128,32,With KV Cache,0.8158416080405004,10041.16475460924
Habana Gaudi2,4,Deepspeed,mistralai/Mistral-7B-v0.1,128,64,With KV Cache,1.0236722140107304,16005.123296067366
Habana Gaudi2,4,Deepspeed,mistralai/Mistral-7B-v0.1,256,1,With KV Cache,1.45195448002778,352.62813472651294
Habana Gaudi2,4,Deepspeed,mistralai/Mistral-7B-v0.1,256,16,With KV Cache,1.6734768759924918,4895.197607759926
Habana Gaudi2,4,Deepspeed,mistralai/Mistral-7B-v0.1,256,32,With KV Cache,1.9010892130318096,8618.217329144278
Habana Gaudi2,4,Deepspeed,mistralai/Mistral-7B-v0.1,256,64,With KV Cache,2.1635776559705846,15145.284898637125
Habana Gaudi2,4,Deepspeed,mistralai/Mistral-7B-v0.1,512,1,With KV Cache,2.7542269750265405,371.7921613886352
Habana Gaudi2,4,Deepspeed,mistralai/Mistral-7B-v0.1,512,16,With KV Cache,3.1080502210534178,5271.472091736966
Habana Gaudi2,4,Deepspeed,mistralai/Mistral-7B-v0.1,512,32,With KV Cache,3.5341992070316337,9271.690156798426
Habana Gaudi2,4,Deepspeed,mistralai/Mistral-7B-v0.1,1024,1,With KV Cache,5.565569655969739,367.9767079733294
Habana Gaudi2,4,Deepspeed,mistralai/Mistral-7B-v0.1,2048,1,With KV Cache,10.916960312984884,375.1960145103874
Habana Gaudi2,8,Deepspeed,mistralai/Mistral-7B-v0.1,128,1,With KV Cache,0.7751899370341562,330.2416450082481
Habana Gaudi2,8,Deepspeed,mistralai/Mistral-7B-v0.1,128,16,With KV Cache,0.8777222280041315,4666.624439162227
Habana Gaudi2,8,Deepspeed,mistralai/Mistral-7B-v0.1,128,32,With KV Cache,0.8929238520213403,9174.354544853411
Habana Gaudi2,8,Deepspeed,mistralai/Mistral-7B-v0.1,128,64,With KV Cache,1.1297526760026813,14502.289171794902
Habana Gaudi2,8,Deepspeed,mistralai/Mistral-7B-v0.1,256,1,With KV Cache,1.5745578199857846,325.1706564860365
Habana Gaudi2,8,Deepspeed,mistralai/Mistral-7B-v0.1,256,16,With KV Cache,1.8371052959701049,4459.189148259528
Habana Gaudi2,8,Deepspeed,mistralai/Mistral-7B-v0.1,256,32,With KV Cache,1.7534375570248812,9343.931259120116
Habana Gaudi2,8,Deepspeed,mistralai/Mistral-7B-v0.1,256,64,With KV Cache,2.043743592977989,16033.32243466654
Habana Gaudi2,8,Deepspeed,mistralai/Mistral-7B-v0.1,512,1,With KV Cache,3.3768610930419527,303.2401901606079
Habana Gaudi2,8,Deepspeed,mistralai/Mistral-7B-v0.1,512,16,With KV Cache,3.2438139989972115,5050.844470448962
Habana Gaudi2,8,Deepspeed,mistralai/Mistral-7B-v0.1,512,32,With KV Cache,3.73553099198034,8771.9791564702
Habana Gaudi2,8,Deepspeed,mistralai/Mistral-7B-v0.1,1024,1,With KV Cache,6.021601563028526,340.1088528630532
Habana Gaudi2,8,Deepspeed,mistralai/Mistral-7B-v0.1,1024,16,With KV Cache,6.744603114027996,4858.402999554762
Habana Gaudi2,8,Deepspeed,mistralai/Mistral-7B-v0.1,2048,1,With KV Cache,12.096412080980372,338.6128029186679
Habana Gaudi2,1,Deepspeed,Qwen/Qwen2-7B,128,1,With KV Cache,0.9296163179678842,275.38242934419327
Habana Gaudi2,1,Deepspeed,Qwen/Qwen2-7B,128,16,With KV Cache,1.1135078949737365,3678.465162653032
Habana Gaudi2,1,Deepspeed,Qwen/Qwen2-7B,128,32,With KV Cache,1.3147409779485315,6230.885122925479
Habana Gaudi2,1,Deepspeed,Qwen/Qwen2-7B,128,64,With KV Cache,1.6988864380400628,9643.964206872806
Habana Gaudi2,1,Deepspeed,Qwen/Qwen2-7B,256,1,With KV Cache,1.865862627979368,274.40390965677324
Habana Gaudi2,1,Deepspeed,Qwen/Qwen2-7B,256,16,With KV Cache,2.3011973540415056,3559.8858940163045
Habana Gaudi2,1,Deepspeed,Qwen/Qwen2-7B,256,32,With KV Cache,2.744080943986773,5970.669355035969
Habana Gaudi2,1,Deepspeed,Qwen/Qwen2-7B,256,64,With KV Cache,3.62377181998454,9042.511953785155
Habana Gaudi2,1,Deepspeed,Qwen/Qwen2-7B,512,1,With KV Cache,3.758302682021167,272.46341943095064
Habana Gaudi2,1,Deepspeed,Qwen/Qwen2-7B,512,16,With KV Cache,4.875355112017132,3360.5757167545635
Habana Gaudi2,1,Deepspeed,Qwen/Qwen2-7B,512,32,With KV Cache,6.038204278971534,5426.778970383105
Habana Gaudi2,1,Deepspeed,Qwen/Qwen2-7B,512,64,With KV Cache,8.25244761898648,7941.401512106631
Habana Gaudi2,1,Deepspeed,Qwen/Qwen2-7B,1024,1,With KV Cache,7.607693791040219,269.2011608579703
Habana Gaudi2,1,Deepspeed,Qwen/Qwen2-7B,1024,16,With KV Cache,10.84658745903289,3021.04234384901
Habana Gaudi2,1,Deepspeed,Qwen/Qwen2-7B,1024,32,With KV Cache,13.91756837698631,4708.868548357085
Habana Gaudi2,1,Deepspeed,Qwen/Qwen2-7B,2048,1,With KV Cache,15.932216096960474,257.0891566541976
Habana Gaudi2,1,Deepspeed,Qwen/Qwen2-7B,2048,16,With KV Cache,30.85593380301725,2123.93507253349
Habana Gaudi2,2,Deepspeed,Qwen/Qwen2-7B,128,1,With KV Cache,0.7551043959683739,339.02596961006446
Habana Gaudi2,2,Deepspeed,Qwen/Qwen2-7B,128,16,With KV Cache,0.9256543869851156,4424.977678051951
Habana Gaudi2,2,Deepspeed,Qwen/Qwen2-7B,128,32,With KV Cache,1.1032934020040557,7425.042137585344
Habana Gaudi2,2,Deepspeed,Qwen/Qwen2-7B,128,64,With KV Cache,1.4553018899750896,11258.145208813305
Habana Gaudi2,2,Deepspeed,Qwen/Qwen2-7B,256,1,With KV Cache,1.5142196360393427,338.1279622943003
Habana Gaudi2,2,Deepspeed,Qwen/Qwen2-7B,256,16,With KV Cache,1.8932805950171316,4326.88108754734
Habana Gaudi2,2,Deepspeed,Qwen/Qwen2-7B,256,32,With KV Cache,2.272047790000215,7211.115924633983
Habana Gaudi2,2,Deepspeed,Qwen/Qwen2-7B,256,64,With KV Cache,3.008185676007997,10892.944628166924
Habana Gaudi2,2,Deepspeed,Qwen/Qwen2-7B,512,1,With KV Cache,3.0422263339860365,336.59560058383875
Habana Gaudi2,2,Deepspeed,Qwen/Qwen2-7B,512,16,With KV Cache,3.9303510750178248,4168.584354751489
Habana Gaudi2,2,Deepspeed,Qwen/Qwen2-7B,512,32,With KV Cache,4.809938930964563,6812.560506548647
Habana Gaudi2,2,Deepspeed,Qwen/Qwen2-7B,512,64,With KV Cache,6.510178188967984,10066.698344917191
Habana Gaudi2,2,Deepspeed,Qwen/Qwen2-7B,1024,1,With KV Cache,6.15602214896353,332.6823637801263
Habana Gaudi2,2,Deepspeed,Qwen/Qwen2-7B,1024,16,With KV Cache,8.391668092051987,3904.825553221725
Habana Gaudi2,2,Deepspeed,Qwen/Qwen2-7B,1024,32,With KV Cache,10.699356195982546,6125.228359497726
Habana Gaudi2,2,Deepspeed,Qwen/Qwen2-7B,2048,1,With KV Cache,12.703635527053848,322.4273863396898
Habana Gaudi2,2,Deepspeed,Qwen/Qwen2-7B,2048,16,With KV Cache,21.41866840695729,3059.760707566318
Habana Gaudi2,4,Deepspeed,Qwen/Qwen2-7B,128,1,With KV Cache,0.5725795989856124,447.0994084552298
Habana Gaudi2,4,Deepspeed,Qwen/Qwen2-7B,128,16,With KV Cache,0.6759296630043536,6059.802112832586
Habana Gaudi2,4,Deepspeed,Qwen/Qwen2-7B,128,32,With KV Cache,0.782306139008142,10471.603879251596
Habana Gaudi2,4,Deepspeed,Qwen/Qwen2-7B,128,64,With KV Cache,0.9865543009946124,16607.29671289475
Habana Gaudi2,4,Deepspeed,Qwen/Qwen2-7B,256,1,With KV Cache,1.1524607979808934,444.26673852769824
Habana Gaudi2,4,Deepspeed,Qwen/Qwen2-7B,256,16,With KV Cache,1.4294418439967558,5730.908210364795
Habana Gaudi2,4,Deepspeed,Qwen/Qwen2-7B,256,32,With KV Cache,1.5987258400418796,10248.161122841932
Habana Gaudi2,4,Deepspeed,Qwen/Qwen2-7B,256,64,With KV Cache,2.0162164560169917,16252.223268097288
Habana Gaudi2,4,Deepspeed,Qwen/Qwen2-7B,512,1,With KV Cache,2.3883231339859776,428.7527032788906
Habana Gaudi2,4,Deepspeed,Qwen/Qwen2-7B,512,16,With KV Cache,2.850472190009896,5747.819627015242
Habana Gaudi2,4,Deepspeed,Qwen/Qwen2-7B,512,32,With KV Cache,3.340764610969927,9808.533020375367
Habana Gaudi2,4,Deepspeed,Qwen/Qwen2-7B,512,64,With KV Cache,4.307119341974612,15215.738129502308
Habana Gaudi2,4,Deepspeed,Qwen/Qwen2-7B,1024,1,With KV Cache,4.680378724006005,437.571427605988
Habana Gaudi2,4,Deepspeed,Qwen/Qwen2-7B,1024,16,With KV Cache,5.97178952395916,5487.132436354784
Habana Gaudi2,4,Deepspeed,Qwen/Qwen2-7B,1024,32,With KV Cache,7.235583656991366,9057.458680154432
Habana Gaudi2,4,Deepspeed,Qwen/Qwen2-7B,2048,1,With KV Cache,9.762435876007656,419.5674165774963
Habana Gaudi2,4,Deepspeed,Qwen/Qwen2-7B,2048,16,With KV Cache,14.286046555032954,4587.413302031538
Habana Gaudi2,8,Deepspeed,Qwen/Qwen2-7B,128,1,With KV Cache,0.5918101759743877,432.5711358012863
Habana Gaudi2,8,Deepspeed,Qwen/Qwen2-7B,128,16,With KV Cache,0.7429430360207334,5513.2086868174
Habana Gaudi2,8,Deepspeed,Qwen/Qwen2-7B,128,32,With KV Cache,0.8680436330032535,9437.313619428733
Habana Gaudi2,8,Deepspeed,Qwen/Qwen2-7B,128,64,With KV Cache,0.9262188079883344,17689.124706487662
Habana Gaudi2,8,Deepspeed,Qwen/Qwen2-7B,256,1,With KV Cache,1.2234908620011993,418.4747233522845
Habana Gaudi2,8,Deepspeed,Qwen/Qwen2-7B,256,16,With KV Cache,1.5461857629707083,5298.19908848507
Habana Gaudi2,8,Deepspeed,Qwen/Qwen2-7B,256,32,With KV Cache,1.5647828170331195,10470.462623729862
Habana Gaudi2,8,Deepspeed,Qwen/Qwen2-7B,256,64,With KV Cache,1.895170379022602,17290.26601655703
Habana Gaudi2,8,Deepspeed,Qwen/Qwen2-7B,512,1,With KV Cache,2.5424907130072825,402.7546668159912
Habana Gaudi2,8,Deepspeed,Qwen/Qwen2-7B,512,16,With KV Cache,2.80797727702884,5834.805051320123
Habana Gaudi2,8,Deepspeed,Qwen/Qwen2-7B,512,32,With KV Cache,3.269437160983216,10022.520203491447
Habana Gaudi2,8,Deepspeed,Qwen/Qwen2-7B,512,64,With KV Cache,4.081955608038697,16055.04966074063
Habana Gaudi2,8,Deepspeed,Qwen/Qwen2-7B,1024,1,With KV Cache,4.95567574998131,413.2635191089174
Habana Gaudi2,8,Deepspeed,Qwen/Qwen2-7B,1024,16,With KV Cache,5.897329950006679,5556.412864429078
Habana Gaudi2,8,Deepspeed,Qwen/Qwen2-7B,1024,32,With KV Cache,7.008357075043023,9351.121710589738
Habana Gaudi2,8,Deepspeed,Qwen/Qwen2-7B,2048,1,With KV Cache,9.716638537996914,421.5449596053813
Habana Gaudi2,8,Deepspeed,Qwen/Qwen2-7B,2048,16,With KV Cache,14.28113293898059,4588.991663337745
Habana Gaudi2,2,Deepspeed,Qwen/Qwen2-72B,128,1,With KV Cache,4.943636690964922,51.78374059482771
Habana Gaudi2,2,Deepspeed,Qwen/Qwen2-72B,128,16,With KV Cache,6.324256095045712,647.6651069220172
Habana Gaudi2,2,Deepspeed,Qwen/Qwen2-72B,256,1,With KV Cache,9.9982023909688,51.2092054130131
Habana Gaudi2,2,Deepspeed,Qwen/Qwen2-72B,512,1,With KV Cache,20.099531110026877,50.94646210374362
Habana Gaudi2,2,Deepspeed,Qwen/Qwen2-72B,1024,1,With KV Cache,40.44004151102854,50.64287581014186
Habana Gaudi2,2,Deepspeed,Qwen/Qwen2-72B,2048,1,With KV Cache,82.9520594960195,49.37791809974952
Habana Gaudi2,4,Deepspeed,Qwen/Qwen2-72B,128,1,With KV Cache,3.3571071270271204,76.25613074394212
Habana Gaudi2,4,Deepspeed,Qwen/Qwen2-72B,128,16,With KV Cache,4.060227067035157,1008.81057447631
Habana Gaudi2,4,Deepspeed,Qwen/Qwen2-72B,128,32,With KV Cache,4.8060997250140645,1704.5006281004764
Habana Gaudi2,4,Deepspeed,Qwen/Qwen2-72B,256,1,With KV Cache,6.747716692974791,75.877518766171
Habana Gaudi2,4,Deepspeed,Qwen/Qwen2-72B,256,16,With KV Cache,8.28524744900642,988.7453634209076
Habana Gaudi2,4,Deepspeed,Qwen/Qwen2-72B,512,1,With KV Cache,13.537234667048324,75.64321851438173
Habana Gaudi2,4,Deepspeed,Qwen/Qwen2-72B,1024,1,With KV Cache,27.32225874101277,74.95719952779004
Habana Gaudi2,4,Deepspeed,Qwen/Qwen2-72B,2048,1,With KV Cache,55.60315428697504,73.66488560810807